id,date,confirmed,deaths,recovered,tests,vaccines,people_vaccinated,people_fully_vaccinated,hosp,icu,vent,school_closing,workplace_closing,cancel_events,gatherings_restrictions,transport_closing,stay_home_restrictions,internal_movement_restrictions,international_movement_restrictions,information_campaigns,testing_policy,contact_tracing,facial_coverings,vaccination_policy,elderly_people_protection,government_response_index,stringency_index,containment_health_index,economic_support_index,administrative_area_level,administrative_area_level_1,administrative_area_level_2,administrative_area_level_3,latitude,longitude,population,iso_alpha_3,iso_alpha_2,iso_numeric,iso_currency,key_local,key_google_mobility,key_apple_mobility,key_jhu_csse,key_nuts,key_gadm
7dc8ca27,2021-02-15,2569113,41484,2260840,20701760,5090351,3509151,1503545,8144,2493,NA,-2,-2,1,4,0,1,-1,3,2,1,1,-3,3,2,51.93,53.7,53.99,37.5,2,United States,Texas,NA,31.170604705,-99.6843408554231,28995881,USA,US,840,USD,48,ChIJSTKCCzZwQIYRPN4IGI8c6xY,Texas,US48,NA,USA.44_1
7dc8ca27,2021-02-16,2572743,41546,2257030,20718146,5115734,3521543,1515972,8250,2494,NA,-2,-2,1,4,0,1,-1,3,2,1,1,-3,3,2,51.93,53.7,53.99,37.5,2,United States,Texas,NA,31.170604705,-99.6843408554231,28995881,USA,US,840,USD,48,ChIJSTKCCzZwQIYRPN4IGI8c6xY,Texas,US48,NA,USA.44_1
7dc8ca27,2021-02-17,2577230,41650,2268067,20735314,5141184,3532128,1530446,10137,2497,NA,-2,-2,1,4,0,1,-1,3,2,1,1,-3,3,2,51.93,53.7,53.99,37.5,2,United States,Texas,NA,31.170604705,-99.6843408554231,28995881,USA,US,840,USD,48,ChIJSTKCCzZwQIYRPN4IGI8c6xY,Texas,US48,NA,USA.44_1
7dc8ca27,2021-02-18,2579584,41764,2279684,20754330,5187734,3553071,1555287,8294,2465,NA,-2,-2,1,4,0,1,-1,3,2,1,1,-3,3,2,51.93,53.7,53.99,37.5,2,United States,Texas,NA,31.170604705,-99.6843408554231,28995881,USA,US,840,USD,48,ChIJSTKCCzZwQIYRPN4IGI8c6xY,Texas,US48,NA,USA.44_1
7dc8ca27,2021-02-19,2585482,42000,2289773,20787783,5261779,3578920,1602079,8076,2413,NA,-2,-2,1,4,0,1,-1,3,2,1,1,-3,3,2,51.93,53.7,53.99,37.5,2,United States,Texas,NA,31.170604705,-99.6843408554231,28995881,USA,US,840,USD,48,ChIJSTKCCzZwQIYRPN4IGI8c6xY,Texas,US48,NA,USA.44_1
7dc8ca27,2021-02-20,2590989,42202,2312445,20831062,5354776,3615746,1656311,7765,2387,NA,-2,-2,1,4,0,1,-1,3,2,1,1,-3,3,2,51.93,53.7,53.99,37.5,2,United States,Texas,NA,31.170604705,-99.6843408554231,28995881,USA,US,840,USD,48,ChIJSTKCCzZwQIYRPN4IGI8c6xY,Texas,US48,NA,USA.44_1
7dc8ca27,2021-02-21,2597379,42321,2318193,20868097,5415967,3631178,1699745,7542,2200,NA,-2,-2,1,4,0,1,-1,3,2,1,1,-3,3,2,51.93,53.7,53.99,37.5,2,United States,Texas,NA,31.170604705,-99.6843408554231,28995881,USA,US,840,USD,48,ChIJSTKCCzZwQIYRPN4IGI8c6xY,Texas,US48,NA,USA.44_1
7dc8ca27,2021-02-22,2604710,42484,2331940,20924707,5537897,3668792,1780764,7667,2201,NA,-2,-2,1,4,0,1,-1,3,2,1,1,-3,3,2,51.93,53.7,53.99,37.5,2,United States,Texas,NA,31.170604705,-99.6843408554231,28995881,USA,US,840,USD,48,ChIJSTKCCzZwQIYRPN4IGI8c6xY,Texas,US48,NA,USA.44_1
7dc8ca27,2021-02-23,2614977,42728,2353741,21011421,5679043,3718670,1869217,7414,2179,NA,-2,-2,1,4,0,1,-1,3,2,1,1,-3,3,2,51.93,53.7,53.99,37.5,2,United States,Texas,NA,31.170604705,-99.6843408554231,28995881,USA,US,840,USD,48,ChIJSTKCCzZwQIYRPN4IGI8c6xY,Texas,US48,NA,USA.44_1
7dc8ca27,2021-02-24,2622573,43053,2368008,21099046,5894907,3807558,1992596,6955,2012,NA,-2,-2,1,4,0,1,-1,3,2,1,1,-3,3,2,51.93,53.7,53.99,37.5,2,United States,Texas,NA,31.170604705,-99.6843408554231,28995881,USA,US,840,USD,48,ChIJSTKCCzZwQIYRPN4IGI8c6xY,Texas,US48,NA,USA.44_1
7dc8ca27,2021-02-25,2630384,43350,2380295,21194719,6163193,3928487,2135601,6816,1953,NA,-2,-2,1,4,0,1,-1,3,2,1,1,-3,3,2,51.93,53.7,53.99,37.5,2,United States,Texas,NA,31.170604705,-99.6843408554231,28995881,USA,US,840,USD,48,ChIJSTKCCzZwQIYRPN4IGI8c6xY,Texas,US48,NA,USA.44_1
7dc8ca27,2021-02-26,2641266,43633,2393568,21281808,6465889,4087253,2274659,6551,1909,NA,-2,-2,1,4,0,1,-1,3,2,1,1,-3,3,2,51.93,53.7,53.99,37.5,2,United States,Texas,NA,31.170604705,-99.6843408554231,28995881,USA,US,840,USD,48,ChIJSTKCCzZwQIYRPN4IGI8c6xY,Texas,US48,NA,USA.44_1
7dc8ca27,2021-02-27,2646681,43772,2417585,21348381,6659318,4190809,2361736,6336,1836,NA,-2,-2,1,4,0,1,-1,3,2,1,1,-3,3,2,51.93,53.7,53.99,37.5,2,United States,Texas,NA,31.170604705,-99.6843408554231,28995881,USA,US,840,USD,48,ChIJSTKCCzZwQIYRPN4IGI8c6xY,Texas,US48,NA,USA.44_1
7dc8ca27,2021-02-28,2650283,43949,2422369,21384740,6736166,4240519,2387087,6191,1842,NA,-2,-2,1,4,0,1,-1,3,2,1,1,-3,3,2,51.93,53.7,53.99,37.5,2,United States,Texas,NA,31.170604705,-99.6843408554231,28995881,USA,US,840,USD,48,ChIJSTKCCzZwQIYRPN4IGI8c6xY,Texas,US48,NA,USA.44_1
7dc8ca27,2021-03-01,2658389,44078,2429453,21436558,6908487,4345445,2452095,6202,1842,NA,-2,-2,1,4,0,1,-1,3,2,1,1,-3,3,2,51.93,53.7,53.99,37.5,2,United States,Texas,NA,31.170604705,-99.6843408554231,28995881,USA,US,840,USD,48,ChIJSTKCCzZwQIYRPN4IGI8c6xY,Texas,US48,NA,USA.44_1
7dc8ca27,2021-03-02,2665566,44353,2441822,21514760,7148392,4486281,2549136,6029,1777,NA,-2,-2,1,4,0,1,-1,3,2,3,1,-3,3,2,56.09,53.7,58.75,37.5,2,United States,Texas,NA,31.170604705,-99.6843408554231,28995881,USA,US,840,USD,48,ChIJSTKCCzZwQIYRPN4IGI8c6xY,Texas,US48,NA,USA.44_1
7dc8ca27,2021-03-03,2673115,44627,2450229,21606169,7403780,4645707,2642836,5957,1701,NA,-2,-2,1,4,0,1,-1,3,2,3,1,-3,3,2,56.09,53.7,58.75,37.5,2,United States,Texas,NA,31.170604705,-99.6843408554231,28995881,USA,US,840,USD,48,ChIJSTKCCzZwQIYRPN4IGI8c6xY,Texas,US48,NA,USA.44_1
7dc8ca27,2021-03-04,2680637,44920,2458818,21693422,7681503,4824891,2740798,5728,1629,NA,-2,-2,1,4,0,1,-1,3,2,3,1,-3,3,2,56.09,53.7,58.75,37.5,2,United States,Texas,NA,31.170604705,-99.6843408554231,28995881,USA,US,840,USD,48,ChIJSTKCCzZwQIYRPN4IGI8c6xY,Texas,US48,NA,USA.44_1
7dc8ca27,2021-03-05,2686191,45195,2470308,21772308,7967131,5022074,2831929,5516,1610,NA,-2,-2,1,4,0,1,-1,3,2,3,1,-3,3,2,56.09,53.7,58.75,37.5,2,United States,Texas,NA,31.170604705,-99.6843408554231,28995881,USA,US,840,USD,48,ChIJSTKCCzZwQIYRPN4IGI8c6xY,Texas,US48,NA,USA.44_1
7dc8ca27,2021-03-06,2689785,45381,2491753,21827944,8139435,5152395,2885255,5310,1586,NA,-2,-2,1,4,0,1,-1,3,2,3,1,-3,3,2,56.09,53.7,58.75,37.5,2,United States,Texas,NA,31.170604705,-99.6843408554231,28995881,USA,US,840,USD,48,ChIJSTKCCzZwQIYRPN4IGI8c6xY,Texas,US48,NA,USA.44_1
7dc8ca27,2021-03-07,2692573,45446,2502609,21858829,8207666,5215867,2898694,5038,1544,NA,-2,-2,1,4,0,1,-1,3,2,3,1,-3,3,2,56.09,53.7,58.75,37.5,2,United States,Texas,NA,31.170604705,-99.6843408554231,28995881,USA,US,840,USD,48,ChIJSTKCCzZwQIYRPN4IGI8c6xY,Texas,US48,NA,USA.44_1
7dc8ca27,2021-03-08,2696533,45570,NA,21902373,8368155,5355338,2941584,5161,1519,NA,-2,-2,1,4,0,1,-1,3,2,3,1,-3,3,2,56.09,53.7,58.75,37.5,2,United States,Texas,NA,31.170604705,-99.6843408554231,28995881,USA,US,840,USD,48,ChIJSTKCCzZwQIYRPN4IGI8c6xY,Texas,US48,NA,USA.44_1
7dc8ca27,2021-03-09,2701913,45754,NA,21971611,8595275,5535046,3005013,5047,1483,NA,-2,-2,1,4,0,1,-1,3,2,3,1,-3,3,2,56.09,53.7,58.75,37.5,2,United States,Texas,NA,31.170604705,-99.6843408554231,28995881,USA,US,840,USD,48,ChIJSTKCCzZwQIYRPN4IGI8c6xY,Texas,US48,NA,USA.44_1
7dc8ca27,2021-03-10,2707234,45956,NA,22044975,8857273,5736901,3095289,4984,1465,NA,-2,-1,-1,-4,0,-1,-1,3,2,3,1,-3,3,2,50.62,43.98,52.5,37.5,2,United States,Texas,NA,31.170604705,-99.6843408554231,28995881,USA,US,840,USD,48,ChIJSTKCCzZwQIYRPN4IGI8c6xY,Texas,US48,NA,USA.44_1
7dc8ca27,2021-03-11,2713387,46168,NA,22123232,9154488,5972259,3195843,4800,1401,NA,-2,-1,-1,-4,0,-1,-1,3,2,3,1,-3,3,2,50.62,43.98,52.5,37.5,2,United States,Texas,NA,31.170604705,-99.6843408554231,28995881,USA,US,840,USD,48,ChIJSTKCCzZwQIYRPN4IGI8c6xY,Texas,US48,NA,USA.44_1
7dc8ca27,2021-03-12,2718585,46391,NA,22208910,9430470,6187426,3289388,4784,1385,NA,-2,-1,-1,-4,0,-1,-1,3,2,3,1,-3,3,2,50.62,43.98,52.5,37.5,2,United States,Texas,NA,31.170604705,-99.6843408554231,28995881,USA,US,840,USD,48,ChIJSTKCCzZwQIYRPN4IGI8c6xY,Texas,US48,NA,USA.44_1
7dc8ca27,2021-03-13,2721431,46532,NA,22267143,9587855,6310722,3342286,4675,1352,NA,-2,-1,-1,-4,0,-1,-1,3,2,3,1,-3,3,2,50.62,43.98,52.5,37.5,2,United States,Texas,NA,31.170604705,-99.6843408554231,28995881,USA,US,840,USD,48,ChIJSTKCCzZwQIYRPN4IGI8c6xY,Texas,US48,NA,USA.44_1
7dc8ca27,2021-03-14,2724143,46588,NA,22303316,9653161,6362983,3356637,4496,1308,NA,-2,-1,-1,-4,0,-1,-1,3,2,3,1,-3,3,2,50.62,43.98,52.5,37.5,2,United States,Texas,NA,31.170604705,-99.6843408554231,28995881,USA,US,840,USD,48,ChIJSTKCCzZwQIYRPN4IGI8c6xY,Texas,US48,NA,USA.44_1
7dc8ca27,2021-03-15,2728799,46690,NA,22348778,9825894,6502894,3398614,4468,1314,NA,-2,-1,-1,-4,0,-1,-1,3,2,3,1,-3,3,2,50.62,43.98,52.5,37.5,2,United States,Texas,NA,31.170604705,-99.6843408554231,28995881,USA,US,840,USD,48,ChIJSTKCCzZwQIYRPN4IGI8c6xY,Texas,US48,NA,USA.44_1
7dc8ca27,2021-03-16,2734622,46824,NA,22423049,10040195,6674638,3450641,4486,1307,NA,-2,-1,-1,-4,0,-1,-1,3,2,3,1,-3,3,2,50.62,43.98,52.5,37.5,2,United States,Texas,NA,31.170604705,-99.6843408554231,28995881,USA,US,840,USD,48,ChIJSTKCCzZwQIYRPN4IGI8c6xY,Texas,US48,NA,USA.44_1
7dc8ca27,2021-03-17,2739163,46997,NA,22499161,10242868,6829785,3507235,4332,1246,NA,-2,-1,-1,-4,0,-1,-1,3,2,3,1,-3,3,2,50.62,43.98,52.5,37.5,2,United States,Texas,NA,31.170604705,-99.6843408554231,28995881,USA,US,840,USD,48,ChIJSTKCCzZwQIYRPN4IGI8c6xY,Texas,US48,NA,USA.44_1
7dc8ca27,2021-03-18,2742559,47196,NA,22576304,10492081,7015959,3582361,4187,1194,NA,-2,-1,-1,-4,0,-1,-1,3,2,3,1,-3,3,2,50.62,43.98,52.5,37.5,2,United States,Texas,NA,31.170604705,-99.6843408554231,28995881,USA,US,840,USD,48,ChIJSTKCCzZwQIYRPN4IGI8c6xY,Texas,US48,NA,USA.44_1
7dc8ca27,2021-03-19,2746452,47362,NA,22644273,10733595,7181934,3667005,4095,1142,NA,-2,-1,-1,-4,0,-1,-1,3,2,3,1,-3,3,2,50.62,43.98,52.5,37.5,2,United States,Texas,NA,31.170604705,-99.6843408554231,28995881,USA,US,840,USD,48,ChIJSTKCCzZwQIYRPN4IGI8c6xY,Texas,US48,NA,USA.44_1
7dc8ca27,2021-03-20,2748905,47459,NA,22695590,10891739,7278650,3730276,3943,1127,NA,-2,-1,-1,-4,0,-1,-1,3,2,3,1,-3,3,2,50.62,43.98,52.5,37.5,2,United States,Texas,NA,31.170604705,-99.6843408554231,28995881,USA,US,840,USD,48,ChIJSTKCCzZwQIYRPN4IGI8c6xY,Texas,US48,NA,USA.44_1
7dc8ca27,2021-03-21,2751212,47504,NA,22727676,10962384,7321178,3757808,3911,1102,NA,-2,-1,-1,-4,0,-1,-1,3,2,3,1,-3,3,2,50.62,43.98,52.5,37.5,2,United States,Texas,NA,31.170604705,-99.6843408554231,28995881,USA,US,840,USD,48,ChIJSTKCCzZwQIYRPN4IGI8c6xY,Texas,US48,NA,USA.44_1
7dc8ca27,2021-03-22,2754620,47613,NA,22771670,11139219,7431916,3826309,3983,1112,NA,-2,-1,-1,-4,0,-1,-1,3,2,3,1,-3,3,2,50.62,43.98,52.5,37.5,2,United States,Texas,NA,31.170604705,-99.6843408554231,28995881,USA,US,840,USD,48,ChIJSTKCCzZwQIYRPN4IGI8c6xY,Texas,US48,NA,USA.44_1
7dc8ca27,2021-03-23,2758973,47698,NA,22847864,11392480,7582658,3933417,4008,1138,NA,-2,-1,-1,-4,0,-1,-1,3,2,3,1,-3,3,2,50.62,43.98,52.5,37.5,2,United States,Texas,NA,31.170604705,-99.6843408554231,28995881,USA,US,840,USD,48,ChIJSTKCCzZwQIYRPN4IGI8c6xY,Texas,US48,NA,USA.44_1
7dc8ca27,2021-03-24,2762762,47861,NA,22936676,11679333,7747182,4058244,3906,1076,NA,-2,-1,-1,-4,0,-1,-1,3,2,3,1,-3,3,2,50.62,43.98,52.5,37.5,2,United States,Texas,NA,31.170604705,-99.6843408554231,28995881,USA,US,840,USD,48,ChIJSTKCCzZwQIYRPN4IGI8c6xY,Texas,US48,NA,USA.44_1
7dc8ca27,2021-03-25,2768120,47990,NA,23015685,11998372,7933545,4196176,3831,1055,NA,-2,-1,-1,-4,0,-1,-1,3,2,3,1,-3,3,2,50.62,43.98,52.5,37.5,2,United States,Texas,NA,31.170604705,-99.6843408554231,28995881,USA,US,840,USD,48,ChIJSTKCCzZwQIYRPN4IGI8c6xY,Texas,US48,NA,USA.44_1
7dc8ca27,2021-03-26,2772019,48123,NA,23090341,12336889,8114482,4357208,3803,1013,NA,-2,-1,-1,-4,0,-1,-1,3,2,3,1,-3,3,2,50.62,43.98,52.5,37.5,2,United States,Texas,NA,31.170604705,-99.6843408554231,28995881,USA,US,840,USD,48,ChIJSTKCCzZwQIYRPN4IGI8c6xY,Texas,US48,NA,USA.44_1
7dc8ca27,2021-03-27,2775092,48209,NA,23144876,12533275,8213188,4457558,3568,1009,NA,-2,-1,-1,-4,0,-1,-1,3,2,3,1,-3,3,2,50.62,43.98,52.5,37.5,2,United States,Texas,NA,31.170604705,-99.6843408554231,28995881,USA,US,840,USD,48,ChIJSTKCCzZwQIYRPN4IGI8c6xY,Texas,US48,NA,USA.44_1
7dc8ca27,2021-03-28,2778062,48260,NA,23177185,12634131,8266458,4503955,3640,1004,NA,-2,-1,-1,-4,0,-1,-1,3,2,3,1,-3,3,2,50.62,43.98,52.5,37.5,2,United States,Texas,NA,31.170604705,-99.6843408554231,28995881,USA,US,840,USD,48,ChIJSTKCCzZwQIYRPN4IGI8c6xY,Texas,US48,NA,USA.44_1
7dc8ca27,2021-03-29,2782555,48306,NA,23220987,12869822,8395327,4613850,3595,991,NA,-2,-1,-1,-4,0,-1,-1,3,2,3,1,-3,5,2,53.12,43.98,55.36,37.5,2,United States,Texas,NA,31.170604705,-99.6843408554231,28995881,USA,US,840,USD,48,ChIJSTKCCzZwQIYRPN4IGI8c6xY,Texas,US48,NA,USA.44_1
7dc8ca27,2021-03-30,2785961,48417,NA,23298267,13187132,8559172,4774249,3504,1000,NA,-2,-1,-1,-4,0,-1,-1,3,2,3,1,-3,5,2,53.12,43.98,55.36,37.5,2,United States,Texas,NA,31.170604705,-99.6843408554231,28995881,USA,US,840,USD,48,ChIJSTKCCzZwQIYRPN4IGI8c6xY,Texas,US48,NA,USA.44_1
7dc8ca27,2021-03-31,2790030,48537,NA,23379023,13554852,8749282,4960351,3442,962,NA,-2,-1,-1,-4,0,-1,-1,3,2,3,1,-3,5,2,53.12,43.98,55.36,37.5,2,United States,Texas,NA,31.170604705,-99.6843408554231,28995881,USA,US,840,USD,48,ChIJSTKCCzZwQIYRPN4IGI8c6xY,Texas,US48,NA,USA.44_1
7dc8ca27,2021-04-01,2793685,48651,NA,23455747,13948287,8937601,5176613,3356,953,NA,-2,-1,-1,-4,0,-1,-1,3,2,3,1,-3,5,2,53.12,43.98,55.36,37.5,2,United States,Texas,NA,31.170604705,-99.6843408554231,28995881,USA,US,840,USD,48,ChIJSTKCCzZwQIYRPN4IGI8c6xY,Texas,US48,NA,USA.44_1
7dc8ca27,2021-04-02,2795691,48752,NA,23526431,14229421,9088437,5316565,3278,932,NA,-2,-1,-1,-4,0,-1,-1,3,2,3,1,-3,5,2,53.12,43.98,55.36,37.5,2,United States,Texas,NA,31.170604705,-99.6843408554231,28995881,USA,US,840,USD,48,ChIJSTKCCzZwQIYRPN4IGI8c6xY,Texas,US48,NA,USA.44_1
7dc8ca27,2021-04-03,2797366,48828,NA,23575553,14406128,9179639,5412944,3247,960,NA,-2,-1,-1,-4,0,-1,-1,3,2,3,1,-3,5,2,53.12,43.98,55.36,37.5,2,United States,Texas,NA,31.170604705,-99.6843408554231,28995881,USA,US,840,USD,48,ChIJSTKCCzZwQIYRPN4IGI8c6xY,Texas,US48,NA,USA.44_1
7dc8ca27,2021-04-04,2798366,48848,NA,23605543,14453772,9206700,5435621,3175,951,NA,-2,-1,-1,-4,0,-1,-1,3,2,3,1,-3,5,2,53.12,43.98,55.36,37.5,2,United States,Texas,NA,31.170604705,-99.6843408554231,28995881,USA,US,840,USD,48,ChIJSTKCCzZwQIYRPN4IGI8c6xY,Texas,US48,NA,USA.44_1
7dc8ca27,2021-04-05,2803306,48878,NA,23646107,14694799,9333506,5561485,3228,935,NA,-2,-1,-1,-4,0,-1,-1,3,2,3,1,-3,5,2,53.12,43.98,55.36,37.5,2,United States,Texas,NA,31.170604705,-99.6843408554231,28995881,USA,US,840,USD,48,ChIJSTKCCzZwQIYRPN4IGI8c6xY,Texas,US48,NA,USA.44_1
7dc8ca27,2021-04-06,2807504,48965,NA,23724946,15016679,9500725,5744784,3401,961,NA,-2,-1,-1,-4,0,-1,-1,3,2,3,1,-3,5,2,53.12,43.98,55.36,37.5,2,United States,Texas,NA,31.170604705,-99.6843408554231,28995881,USA,US,840,USD,48,ChIJSTKCCzZwQIYRPN4IGI8c6xY,Texas,US48,NA,USA.44_1
7dc8ca27,2021-04-07,2811415,49073,NA,23808631,15380816,9718451,5925439,3312,992,NA,-2,-1,-1,-4,0,-1,-1,3,2,3,1,-3,5,2,53.12,43.98,55.36,37.5,2,United States,Texas,NA,31.170604705,-99.6843408554231,28995881,USA,US,840,USD,48,ChIJSTKCCzZwQIYRPN4IGI8c6xY,Texas,US48,NA,USA.44_1
7dc8ca27,2021-04-08,2815899,49171,NA,23882972,15744400,9919707,6126254,3278,982,NA,-2,-1,-1,-4,0,-1,-1,3,2,3,1,-3,5,2,53.12,43.98,55.36,37.5,2,United States,Texas,NA,31.170604705,-99.6843408554231,28995881,USA,US,840,USD,48,ChIJSTKCCzZwQIYRPN4IGI8c6xY,Texas,US48,NA,USA.44_1
7dc8ca27,2021-04-09,2819137,49277,NA,23960241,16104388,10114456,6332201,3237,958,NA,-2,-1,-1,-4,0,-1,-1,3,2,3,1,-3,5,2,53.12,43.98,55.36,37.5,2,United States,Texas,NA,31.170604705,-99.6843408554231,28995881,USA,US,840,USD,48,ChIJSTKCCzZwQIYRPN4IGI8c6xY,Texas,US48,NA,USA.44_1
7dc8ca27,2021-04-10,2821570,49342,NA,24029961,16347920,10246317,6481279,3286,948,NA,-2,-1,-1,-4,0,-1,-1,3,2,3,1,-3,5,2,53.12,43.98,55.36,37.5,2,United States,Texas,NA,31.170604705,-99.6843408554231,28995881,USA,US,840,USD,48,ChIJSTKCCzZwQIYRPN4IGI8c6xY,Texas,US48,NA,USA.44_1
7dc8ca27,2021-04-11,2823018,49366,NA,24063427,16443783,10303994,6543812,3263,963,NA,-2,-1,-1,-4,0,-1,-1,3,2,3,1,-3,5,2,53.12,43.98,55.36,37.5,2,United States,Texas,NA,31.170604705,-99.6843408554231,28995881,USA,US,840,USD,48,ChIJSTKCCzZwQIYRPN4IGI8c6xY,Texas,US48,NA,USA.44_1
7dc8ca27,2021-04-12,2828568,49390,NA,24109875,16671983,10434264,6672603,3423,981,NA,-2,-1,-1,-4,0,-1,-1,3,2,3,1,-3,5,2,53.12,43.98,55.36,37.5,2,United States,Texas,NA,31.170604705,-99.6843408554231,28995881,USA,US,840,USD,48,ChIJSTKCCzZwQIYRPN4IGI8c6xY,Texas,US48,NA,USA.44_1
7dc8ca27,2021-04-13,2833381,49453,NA,24183919,16925155,10563826,6795413,3447,974,NA,-2,-1,-1,-4,0,-1,-1,3,2,3,1,-3,5,2,53.12,43.98,55.36,37.5,2,United States,Texas,NA,31.170604705,-99.6843408554231,28995881,USA,US,840,USD,48,ChIJSTKCCzZwQIYRPN4IGI8c6xY,Texas,US48,NA,USA.44_1
7dc8ca27,2021-04-14,2836974,49521,NA,24260784,17216649,10698419,6948346,3393,960,NA,-2,-1,-1,-4,0,-1,-1,3,2,3,1,-3,5,2,53.12,43.98,55.36,37.5,2,United States,Texas,NA,31.170604705,-99.6843408554231,28995881,USA,US,840,USD,48,ChIJSTKCCzZwQIYRPN4IGI8c6xY,Texas,US48,NA,USA.44_1
7dc8ca27,2021-04-15,2840297,49604,NA,24333364,17485017,10828135,7083446,3320,931,NA,-2,-1,-1,-4,0,-1,-1,3,2,3,1,-3,5,2,53.12,43.98,55.36,37.5,2,United States,Texas,NA,31.170604705,-99.6843408554231,28995881,USA,US,840,USD,48,ChIJSTKCCzZwQIYRPN4IGI8c6xY,Texas,US48,NA,USA.44_1
7dc8ca27,2021-04-16,2843308,49673,NA,24404966,17749534,10953448,7219080,3373,943,NA,-2,-1,-1,-4,0,-1,-1,3,2,3,1,-3,5,2,53.12,43.98,55.36,37.5,2,United States,Texas,NA,31.170604705,-99.6843408554231,28995881,USA,US,840,USD,48,ChIJSTKCCzZwQIYRPN4IGI8c6xY,Texas,US48,NA,USA.44_1
7dc8ca27,2021-04-17,2845113,49723,NA,24456211,17920836,11037381,7303970,3284,962,NA,-2,-1,-1,-4,0,-1,-1,3,2,3,1,-3,5,2,53.12,43.98,55.36,37.5,2,United States,Texas,NA,31.170604705,-99.6843408554231,28995881,USA,US,840,USD,48,ChIJSTKCCzZwQIYRPN4IGI8c6xY,Texas,US48,NA,USA.44_1
7dc8ca27,2021-04-18,2846552,49756,NA,24491615,17981253,11066555,7334312,3269,938,NA,-2,-1,-1,-4,0,-1,-1,3,2,3,1,-3,5,2,53.12,43.98,55.36,37.5,2,United States,Texas,NA,31.170604705,-99.6843408554231,28995881,USA,US,840,USD,48,ChIJSTKCCzZwQIYRPN4IGI8c6xY,Texas,US48,NA,USA.44_1
7dc8ca27,2021-04-19,2851247,49777,NA,24536916,18160852,11146475,7431726,3354,939,NA,-2,-1,-1,-4,0,-1,-1,3,2,3,1,-3,5,2,53.12,43.98,55.36,37.5,2,United States,Texas,NA,31.170604705,-99.6843408554231,28995881,USA,US,840,USD,48,ChIJSTKCCzZwQIYRPN4IGI8c6xY,Texas,US48,NA,USA.44_1
7dc8ca27,2021-04-20,2855946,49826,NA,24610578,18392467,11235963,7570394,3407,941,NA,-2,-1,-1,-4,0,-1,-1,3,2,3,1,-3,5,2,53.12,43.98,55.36,37.5,2,United States,Texas,NA,31.170604705,-99.6843408554231,28995881,USA,US,840,USD,48,ChIJSTKCCzZwQIYRPN4IGI8c6xY,Texas,US48,NA,USA.44_1
7dc8ca27,2021-04-21,2860001,49913,NA,24688360,18646255,11323762,7732363,3426,952,NA,-2,-1,-1,-4,0,-1,-1,3,2,3,1,-3,5,2,53.12,43.98,55.36,37.5,2,United States,Texas,NA,31.170604705,-99.6843408554231,28995881,USA,US,840,USD,48,ChIJSTKCCzZwQIYRPN4IGI8c6xY,Texas,US48,NA,USA.44_1
7dc8ca27,2021-04-22,2863676,49981,NA,24768791,18902091,11430306,7877684,3352,926,NA,-2,-1,-1,-4,0,-1,-1,3,2,3,1,-3,5,2,53.12,43.98,55.36,37.5,2,United States,Texas,NA,31.170604705,-99.6843408554231,28995881,USA,US,840,USD,48,ChIJSTKCCzZwQIYRPN4IGI8c6xY,Texas,US48,NA,USA.44_1
7dc8ca27,2021-04-23,2866290,50045,NA,24842435,19137434,11530939,8009007,3261,900,NA,-2,-1,-1,-4,0,-1,-1,3,2,3,1,-3,5,2,53.12,43.98,55.36,37.5,2,United States,Texas,NA,31.170604705,-99.6843408554231,28995881,USA,US,840,USD,48,ChIJSTKCCzZwQIYRPN4IGI8c6xY,Texas,US48,NA,USA.44_1
7dc8ca27,2021-04-24,2868275,50087,NA,24891148,19286408,11593509,8093164,3147,883,NA,-2,-1,-1,-4,0,-1,-1,3,2,3,1,-3,5,2,53.12,43.98,55.36,37.5,2,United States,Texas,NA,31.170604705,-99.6843408554231,28995881,USA,US,840,USD,48,ChIJSTKCCzZwQIYRPN4IGI8c6xY,Texas,US48,NA,USA.44_1
7dc8ca27,2021-04-25,2869755,50100,NA,24920430,19346362,11621373,8124372,3161,878,NA,-2,-1,-1,-4,0,-1,-1,3,2,3,1,-3,5,2,53.12,43.98,55.36,37.5,2,United States,Texas,NA,31.170604705,-99.6843408554231,28995881,USA,US,840,USD,48,ChIJSTKCCzZwQIYRPN4IGI8c6xY,Texas,US48,NA,USA.44_1
7dc8ca27,2021-04-26,2874150,50133,NA,24973716,19519048,11692903,8223598,3198,889,NA,-2,-1,-1,-4,0,-1,-1,3,2,3,1,-3,5,2,53.12,43.98,55.36,37.5,2,United States,Texas,NA,31.170604705,-99.6843408554231,28995881,USA,US,840,USD,48,ChIJSTKCCzZwQIYRPN4IGI8c6xY,Texas,US48,NA,USA.44_1
7dc8ca27,2021-04-27,2877890,50193,NA,25047583,19727731,11774605,8352192,3362,926,NA,-2,-1,-1,-4,0,-1,-1,3,2,3,1,-3,5,2,53.12,43.98,55.36,37.5,2,United States,Texas,NA,31.170604705,-99.6843408554231,28995881,USA,US,840,USD,48,ChIJSTKCCzZwQIYRPN4IGI8c6xY,Texas,US48,NA,USA.44_1
7dc8ca27,2021-04-28,2882018,50271,NA,25127424,19984120,11870276,8514594,3252,921,NA,-2,-1,-1,-4,0,-1,-1,3,2,3,1,-3,5,2,53.12,43.98,55.36,37.5,2,United States,Texas,NA,31.170604705,-99.6843408554231,28995881,USA,US,840,USD,48,ChIJSTKCCzZwQIYRPN4IGI8c6xY,Texas,US48,NA,USA.44_1
7dc8ca27,2021-04-29,2885569,50336,NA,25200389,20233523,11958125,8678192,3153,908,NA,-2,-1,-1,-4,0,-1,-1,3,2,3,1,-3,5,2,53.12,43.98,55.36,37.5,2,United States,Texas,NA,31.170604705,-99.6843408554231,28995881,USA,US,840,USD,48,ChIJSTKCCzZwQIYRPN4IGI8c6xY,Texas,US48,NA,USA.44_1
7dc8ca27,2021-04-30,2889252,50403,NA,25274459,20471930,12046561,8831273,3076,883,NA,-2,-1,-1,-4,0,-1,-1,3,2,3,1,-3,5,2,53.12,43.98,55.36,37.5,2,United States,Texas,NA,31.170604705,-99.6843408554231,28995881,USA,US,840,USD,48,ChIJSTKCCzZwQIYRPN4IGI8c6xY,Texas,US48,NA,USA.44_1
7dc8ca27,2021-05-01,2891264,50455,NA,25329912,20621351,12103346,8924915,3027,899,NA,-2,-1,-1,-4,0,-1,-1,3,2,3,1,-3,5,2,53.12,43.98,55.36,37.5,2,United States,Texas,NA,31.170604705,-99.6843408554231,28995881,USA,US,840,USD,48,ChIJSTKCCzZwQIYRPN4IGI8c6xY,Texas,US48,NA,USA.44_1
7dc8ca27,2021-05-02,2892504,50470,NA,25360588,20681945,12129182,8962119,3051,909,NA,-2,-1,-1,-4,0,-1,-1,3,2,3,1,-3,5,2,53.12,43.98,55.36,37.5,2,United States,Texas,NA,31.170604705,-99.6843408554231,28995881,USA,US,840,USD,48,ChIJSTKCCzZwQIYRPN4IGI8c6xY,Texas,US48,NA,USA.44_1
7dc8ca27,2021-05-03,2896609,50484,NA,25400199,20839639,12178725,9074834,3180,941,NA,-2,-1,-1,-4,0,-1,-1,3,2,3,1,-3,5,2,53.12,43.98,55.36,37.5,2,United States,Texas,NA,31.170604705,-99.6843408554231,28995881,USA,US,840,USD,48,ChIJSTKCCzZwQIYRPN4IGI8c6xY,Texas,US48,NA,USA.44_1
7dc8ca27,2021-05-04,2899356,50567,NA,25471731,21011416,12237362,9192764,3187,935,NA,-2,-1,-1,-4,0,-1,-1,3,2,3,1,-3,5,2,53.12,43.98,55.36,37.5,2,United States,Texas,NA,31.170604705,-99.6843408554231,28995881,USA,US,840,USD,48,ChIJSTKCCzZwQIYRPN4IGI8c6xY,Texas,US48,NA,USA.44_1
7dc8ca27,2021-05-05,2901603,50626,NA,25540546,21211578,12298622,9336330,3053,898,NA,-2,-1,-1,-4,0,-1,-1,3,2,3,1,-3,5,2,53.12,43.98,55.36,37.5,2,United States,Texas,NA,31.170604705,-99.6843408554231,28995881,USA,US,840,USD,48,ChIJSTKCCzZwQIYRPN4IGI8c6xY,Texas,US48,NA,USA.44_1
7dc8ca27,2021-05-06,2904201,50690,NA,25601661,21402591,12360151,9470658,3025,908,NA,-2,-1,-1,-4,0,-1,-1,3,2,3,1,-3,5,2,53.12,43.98,55.36,37.5,2,United States,Texas,NA,31.170604705,-99.6843408554231,28995881,USA,US,840,USD,48,ChIJSTKCCzZwQIYRPN4IGI8c6xY,Texas,US48,NA,USA.44_1
7dc8ca27,2021-05-07,2907084,50748,NA,25665714,21606712,12424382,9615141,3013,880,NA,-2,-1,-1,-4,0,-1,-1,3,2,3,1,-3,5,2,53.12,43.98,55.36,37.5,2,United States,Texas,NA,31.170604705,-99.6843408554231,28995881,USA,US,840,USD,48,ChIJSTKCCzZwQIYRPN4IGI8c6xY,Texas,US48,NA,USA.44_1
7dc8ca27,2021-05-08,2908499,50786,NA,25712964,21720027,12464416,9691580,2870,845,NA,-2,-1,-1,-4,0,-1,-1,3,2,3,1,-3,5,2,53.12,43.98,55.36,37.5,2,United States,Texas,NA,31.170604705,-99.6843408554231,28995881,USA,US,840,USD,48,ChIJSTKCCzZwQIYRPN4IGI8c6xY,Texas,US48,NA,USA.44_1
7dc8ca27,2021-05-09,2909750,50803,NA,25740390,21766061,12484385,9720160,2766,814,NA,-2,-1,-1,-4,0,-1,-1,3,2,3,1,-3,5,2,53.12,43.98,55.36,37.5,2,United States,Texas,NA,31.170604705,-99.6843408554231,28995881,USA,US,840,USD,48,ChIJSTKCCzZwQIYRPN4IGI8c6xY,Texas,US48,NA,USA.44_1
7dc8ca27,2021-05-10,2912414,50828,NA,25779568,21885480,12526674,9802125,2932,873,NA,-1,-1,-1,-4,0,-1,-1,3,2,3,1,-3,5,2,51.04,40.28,52.98,37.5,2,United States,Texas,NA,31.170604705,-99.6843408554231,28995881,USA,US,840,USD,48,ChIJSTKCCzZwQIYRPN4IGI8c6xY,Texas,US48,NA,USA.44_1
7dc8ca27,2021-05-11,2915330,50883,NA,25844124,22028848,12577400,9898969,2976,863,NA,-1,-1,-1,-4,0,-1,-1,3,2,3,1,-3,5,2,51.04,40.28,52.98,37.5,2,United States,Texas,NA,31.170604705,-99.6843408554231,28995881,USA,US,840,USD,48,ChIJSTKCCzZwQIYRPN4IGI8c6xY,Texas,US48,NA,USA.44_1
7dc8ca27,2021-05-12,2917768,50953,NA,25907590,22184242,12630729,10006004,2810,819,NA,NA,-1,-1,-4,0,-1,-1,3,2,3,1,-3,5,2,50,38.43,51.79,37.5,2,United States,Texas,NA,31.170604705,-99.6843408554231,28995881,USA,US,840,USD,48,ChIJSTKCCzZwQIYRPN4IGI8c6xY,Texas,US48,NA,USA.44_1
7dc8ca27,2021-05-13,2920004,51003,NA,25961360,22347599,12705206,10099008,2772,818,NA,1,-1,-1,-4,0,-1,-1,3,2,3,1,-3,5,2,52.08,42.13,54.17,37.5,2,United States,Texas,NA,31.170604705,-99.6843408554231,28995881,USA,US,840,USD,48,ChIJSTKCCzZwQIYRPN4IGI8c6xY,Texas,US48,NA,USA.44_1
7dc8ca27,2021-05-14,2922438,51068,NA,26017492,22541714,12796767,10206275,2754,815,NA,1,-1,-1,-4,0,-1,-1,3,2,3,1,-3,5,2,52.08,42.13,54.17,37.5,2,United States,Texas,NA,31.170604705,-99.6843408554231,28995881,USA,US,840,USD,48,ChIJSTKCCzZwQIYRPN4IGI8c6xY,Texas,US48,NA,USA.44_1
7dc8ca27,2021-05-15,2923523,51105,NA,26066676,22667618,12865739,10266274,2668,809,NA,1,-1,-1,-4,0,-1,-1,3,2,3,1,-3,5,2,52.08,42.13,54.17,37.5,2,United States,Texas,NA,31.170604705,-99.6843408554231,28995881,USA,US,840,USD,48,ChIJSTKCCzZwQIYRPN4IGI8c6xY,Texas,US48,NA,USA.44_1
7dc8ca27,2021-05-16,2924188,51105,NA,26094147,22713544,12895441,10284982,2616,797,NA,1,-1,-1,-4,0,-1,-1,3,2,3,1,-3,5,2,52.08,42.13,54.17,37.5,2,United States,Texas,NA,31.170604705,-99.6843408554231,28995881,USA,US,840,USD,48,ChIJSTKCCzZwQIYRPN4IGI8c6xY,Texas,US48,NA,USA.44_1
7dc8ca27,2021-05-17,2926306,51139,NA,26134783,22847704,12965446,10353617,2641,829,NA,1,-1,-1,-4,0,-1,-1,3,2,3,1,-3,5,2,52.08,42.13,54.17,37.5,2,United States,Texas,NA,31.170604705,-99.6843408554231,28995881,USA,US,840,USD,48,ChIJSTKCCzZwQIYRPN4IGI8c6xY,Texas,US48,NA,USA.44_1
7dc8ca27,2021-05-18,2929734,51180,NA,26196417,22996194,13042214,10430162,2644,781,NA,1,-1,-1,-4,0,-1,-1,3,2,3,1,-3,5,2,52.08,42.13,54.17,37.5,2,United States,Texas,NA,31.170604705,-99.6843408554231,28995881,USA,US,840,USD,48,ChIJSTKCCzZwQIYRPN4IGI8c6xY,Texas,US48,NA,USA.44_1
7dc8ca27,2021-05-19,2931630,51238,NA,26253155,23137580,13111916,10506835,2741,802,NA,1,-1,-1,0,0,-1,-1,3,2,3,1,-3,5,2,46.61,32.41,47.92,37.5,2,United States,Texas,NA,31.170604705,-99.6843408554231,28995881,USA,US,840,USD,48,ChIJSTKCCzZwQIYRPN4IGI8c6xY,Texas,US48,NA,USA.44_1
7dc8ca27,2021-05-20,2933314,51283,NA,26307581,23295048,13190081,10590761,2554,745,NA,1,-1,-1,0,0,-1,-1,3,2,3,1,-3,5,2,46.61,32.41,47.92,37.5,2,United States,Texas,NA,31.170604705,-99.6843408554231,28995881,USA,US,840,USD,48,ChIJSTKCCzZwQIYRPN4IGI8c6xY,Texas,US48,NA,USA.44_1
7dc8ca27,2021-05-21,2934857,51326,NA,26369350,23462570,13273691,10680083,2543,753,NA,1,-1,-1,0,0,-1,-1,3,2,3,1,-3,5,2,46.61,32.41,47.92,37.5,2,United States,Texas,NA,31.170604705,-99.6843408554231,28995881,USA,US,840,USD,48,ChIJSTKCCzZwQIYRPN4IGI8c6xY,Texas,US48,NA,USA.44_1
7dc8ca27,2021-05-22,2935806,51366,NA,26414351,23575225,13336158,10734186,2465,711,NA,1,-1,-1,0,0,-1,-1,3,2,3,1,-3,5,2,46.61,32.41,47.92,37.5,2,United States,Texas,NA,31.170604705,-99.6843408554231,28995881,USA,US,840,USD,48,ChIJSTKCCzZwQIYRPN4IGI8c6xY,Texas,US48,NA,USA.44_1
7dc8ca27,2021-05-23,2936554,51381,NA,26437703,23629079,13368248,10758482,2497,725,NA,1,-1,-1,0,0,-1,-1,3,2,3,1,-3,5,2,46.61,32.41,47.92,37.5,2,United States,Texas,NA,31.170604705,-99.6843408554231,28995881,USA,US,840,USD,48,ChIJSTKCCzZwQIYRPN4IGI8c6xY,Texas,US48,NA,USA.44_1
7dc8ca27,2021-05-24,2939416,51410,NA,26476485,23732131,13424381,10809704,2466,718,NA,1,-1,-1,0,0,-1,-1,3,2,3,1,-3,5,2,46.61,32.41,47.92,37.5,2,United States,Texas,NA,31.170604705,-99.6843408554231,28995881,USA,US,840,USD,48,ChIJSTKCCzZwQIYRPN4IGI8c6xY,Texas,US48,NA,USA.44_1
7dc8ca27,2021-05-25,2941936,51453,NA,26534922,23841282,13481628,10865893,2446,713,NA,1,-1,-1,0,0,-1,-1,3,2,3,1,-3,5,2,46.61,32.41,47.92,37.5,2,United States,Texas,NA,31.170604705,-99.6843408554231,28995881,USA,US,840,USD,48,ChIJSTKCCzZwQIYRPN4IGI8c6xY,Texas,US48,NA,USA.44_1
7dc8ca27,2021-05-26,2943560,51516,NA,26592268,23958361,13540188,10928855,2368,661,NA,1,-1,-1,0,0,-1,-1,3,2,3,1,-3,5,2,46.61,32.41,47.92,37.5,2,United States,Texas,NA,31.170604705,-99.6843408554231,28995881,USA,US,840,USD,48,ChIJSTKCCzZwQIYRPN4IGI8c6xY,Texas,US48,NA,USA.44_1
7dc8ca27,2021-05-27,2945297,51572,NA,26646400,24063555,13592360,10986076,2371,653,NA,1,-1,-1,0,0,-1,-1,3,2,3,1,-3,5,2,46.61,32.41,47.92,37.5,2,United States,Texas,NA,31.170604705,-99.6843408554231,28995881,USA,US,840,USD,48,ChIJSTKCCzZwQIYRPN4IGI8c6xY,Texas,US48,NA,USA.44_1
7dc8ca27,2021-05-28,2946950,51625,NA,26701413,24171610,13645042,11045086,2246,630,NA,1,-1,-1,0,0,-1,-1,3,2,3,1,-3,5,2,46.61,32.41,47.92,37.5,2,United States,Texas,NA,31.170604705,-99.6843408554231,28995881,USA,US,840,USD,48,ChIJSTKCCzZwQIYRPN4IGI8c6xY,Texas,US48,NA,USA.44_1
7dc8ca27,2021-05-29,2947615,51660,NA,26745053,24237128,13679946,11078647,2138,624,NA,1,-1,-1,0,0,-1,-1,3,2,3,1,-3,5,2,46.61,32.41,47.92,37.5,2,United States,Texas,NA,31.170604705,-99.6843408554231,28995881,USA,US,840,USD,48,ChIJSTKCCzZwQIYRPN4IGI8c6xY,Texas,US48,NA,USA.44_1
7dc8ca27,2021-05-30,2947780,51672,NA,26769462,24275198,13701137,11097237,1955,614,NA,1,-1,-1,0,0,-1,-1,3,2,3,1,-3,5,2,46.61,32.41,47.92,37.5,2,United States,Texas,NA,31.170604705,-99.6843408554231,28995881,USA,US,840,USD,48,ChIJSTKCCzZwQIYRPN4IGI8c6xY,Texas,US48,NA,USA.44_1
7dc8ca27,2021-05-31,2947933,51673,NA,26791510,24296782,13712395,11108478,2081,640,NA,1,-1,-1,0,0,-1,-1,3,2,3,1,-3,5,2,46.61,32.41,47.92,37.5,2,United States,Texas,NA,31.170604705,-99.6843408554231,28995881,USA,US,840,USD,48,ChIJSTKCCzZwQIYRPN4IGI8c6xY,Texas,US48,NA,USA.44_1
7dc8ca27,2021-06-01,2948635,51689,NA,26831609,24400193,13762246,11164771,2100,647,NA,1,-1,-1,0,0,-1,-1,3,2,3,1,-3,5,2,46.61,32.41,47.92,37.5,2,United States,Texas,NA,31.170604705,-99.6843408554231,28995881,USA,US,840,USD,48,ChIJSTKCCzZwQIYRPN4IGI8c6xY,Texas,US48,NA,USA.44_1
7dc8ca27,2021-06-02,2950982,51741,NA,26888739,24492598,13805618,11217409,2034,607,NA,1,-1,-1,0,0,-1,-1,3,2,3,1,-3,5,2,46.61,32.41,47.92,37.5,2,United States,Texas,NA,31.170604705,-99.6843408554231,28995881,USA,US,840,USD,48,ChIJSTKCCzZwQIYRPN4IGI8c6xY,Texas,US48,NA,USA.44_1
7dc8ca27,2021-06-03,2954086,51798,NA,26940641,24594276,13846808,11281228,2055,601,NA,1,-1,-1,0,0,-1,-1,3,2,3,1,-3,5,2,46.61,32.41,47.92,37.5,2,United States,Texas,NA,31.170604705,-99.6843408554231,28995881,USA,US,840,USD,48,ChIJSTKCCzZwQIYRPN4IGI8c6xY,Texas,US48,NA,USA.44_1
7dc8ca27,2021-06-04,2955722,51845,NA,26989954,24715135,13893887,11358514,1929,568,NA,1,-1,-1,0,0,-1,-1,3,2,3,1,-3,5,2,46.61,32.41,47.92,37.5,2,United States,Texas,NA,31.170604705,-99.6843408554231,28995881,USA,US,840,USD,48,ChIJSTKCCzZwQIYRPN4IGI8c6xY,Texas,US48,NA,USA.44_1
7dc8ca27,2021-06-05,2957016,51874,NA,27033725,24800950,13928655,11412013,1953,564,NA,1,-1,-1,0,0,-1,-1,3,2,3,1,-3,5,2,46.61,32.41,47.92,37.5,2,United States,Texas,NA,31.170604705,-99.6843408554231,28995881,USA,US,840,USD,48,ChIJSTKCCzZwQIYRPN4IGI8c6xY,Texas,US48,NA,USA.44_1
7dc8ca27,2021-06-06,2957646,51891,NA,27058598,24846241,13950198,11437547,1960,559,NA,1,-1,-1,0,0,-1,-1,3,2,3,1,-3,5,2,46.61,32.41,47.92,37.5,2,United States,Texas,NA,31.170604705,-99.6843408554231,28995881,USA,US,840,USD,48,ChIJSTKCCzZwQIYRPN4IGI8c6xY,Texas,US48,NA,USA.44_1
7dc8ca27,2021-06-07,2958465,51908,NA,27092625,24937766,13988049,11494595,1995,543,NA,1,-1,-1,0,0,-1,-1,3,2,3,1,-3,5,2,46.61,32.41,47.92,37.5,2,United States,Texas,NA,31.170604705,-99.6843408554231,28995881,USA,US,840,USD,48,ChIJSTKCCzZwQIYRPN4IGI8c6xY,Texas,US48,NA,USA.44_1
7dc8ca27,2021-06-08,2960310,51949,NA,27140507,25034200,14025590,11556596,2012,558,NA,1,-1,-1,0,0,-1,-1,3,2,3,1,-3,5,2,46.61,32.41,47.92,37.5,2,United States,Texas,NA,31.170604705,-99.6843408554231,28995881,USA,US,840,USD,48,ChIJSTKCCzZwQIYRPN4IGI8c6xY,Texas,US48,NA,USA.44_1
7dc8ca27,2021-06-09,2967261,51986,NA,27187679,25128777,14062585,11617214,2022,573,NA,1,-1,-1,0,0,-1,-1,3,2,2,1,-3,5,2,44.53,32.41,45.54,37.5,2,United States,Texas,NA,31.170604705,-99.6843408554231,28995881,USA,US,840,USD,48,ChIJSTKCCzZwQIYRPN4IGI8c6xY,Texas,US48,NA,USA.44_1
7dc8ca27,2021-06-10,2969114,52019,NA,27236057,25228997,14099546,11683544,2056,553,NA,1,-1,-1,0,0,-1,-1,3,2,2,1,-3,5,2,44.53,32.41,45.54,37.5,2,United States,Texas,NA,31.170604705,-99.6843408554231,28995881,USA,US,840,USD,48,ChIJSTKCCzZwQIYRPN4IGI8c6xY,Texas,US48,NA,USA.44_1
7dc8ca27,2021-06-11,2970252,52064,NA,27283355,25335818,14140323,11753526,1999,557,NA,1,-1,-1,0,0,-1,-1,3,2,2,1,-3,5,2,44.53,32.41,45.54,37.5,2,United States,Texas,NA,31.170604705,-99.6843408554231,28995881,USA,US,840,USD,48,ChIJSTKCCzZwQIYRPN4IGI8c6xY,Texas,US48,NA,USA.44_1
7dc8ca27,2021-06-12,2971075,52096,NA,27321399,25408874,14166465,11802565,1999,572,NA,1,-1,-1,0,0,-1,-1,3,2,2,1,-3,5,2,44.53,32.41,45.54,37.5,2,United States,Texas,NA,31.170604705,-99.6843408554231,28995881,USA,US,840,USD,48,ChIJSTKCCzZwQIYRPN4IGI8c6xY,Texas,US48,NA,USA.44_1
7dc8ca27,2021-06-13,2971498,52105,NA,27344433,25446273,14180226,11827543,1953,551,NA,1,-1,-1,0,0,-1,-1,3,2,2,1,-3,5,2,44.53,32.41,45.54,37.5,2,United States,Texas,NA,31.170604705,-99.6843408554231,28995881,USA,US,840,USD,48,ChIJSTKCCzZwQIYRPN4IGI8c6xY,Texas,US48,NA,USA.44_1
7dc8ca27,2021-06-14,2972381,52116,NA,27376280,25527912,14211749,11880082,1940,525,NA,1,-1,-1,0,0,-1,-1,3,2,2,1,-3,5,2,44.53,32.41,45.54,37.5,2,United States,Texas,NA,31.170604705,-99.6843408554231,28995881,USA,US,840,USD,48,ChIJSTKCCzZwQIYRPN4IGI8c6xY,Texas,US48,NA,USA.44_1
7dc8ca27,2021-06-15,2973462,52147,NA,27422569,25611696,14244274,11933211,1958,513,NA,1,-1,-1,0,0,-1,-1,3,2,3,1,-3,5,2,46.61,32.41,47.92,37.5,2,United States,Texas,NA,31.170604705,-99.6843408554231,28995881,USA,US,840,USD,48,ChIJSTKCCzZwQIYRPN4IGI8c6xY,Texas,US48,NA,USA.44_1
7dc8ca27,2021-06-16,2975716,52185,NA,27471811,25692303,14277587,11983043,1974,540,NA,1,-1,-1,0,0,-1,-1,3,2,3,1,-3,5,2,46.61,32.41,47.92,37.5,2,United States,Texas,NA,31.170604705,-99.6843408554231,28995881,USA,US,840,USD,48,ChIJSTKCCzZwQIYRPN4IGI8c6xY,Texas,US48,NA,USA.44_1
7dc8ca27,2021-06-17,2976499,52219,NA,27520552,25769253,14308462,12031957,1963,530,NA,1,-1,-1,0,0,-1,-1,3,2,3,1,-3,5,2,46.61,32.41,47.92,37.5,2,United States,Texas,NA,31.170604705,-99.6843408554231,28995881,USA,US,840,USD,48,ChIJSTKCCzZwQIYRPN4IGI8c6xY,Texas,US48,NA,USA.44_1
7dc8ca27,2021-06-18,2977580,52266,NA,27559315,25849987,14341352,12082935,2003,545,NA,1,-1,-1,0,0,-1,-1,3,2,3,1,-3,5,2,46.61,32.41,47.92,37.5,2,United States,Texas,NA,31.170604705,-99.6843408554231,28995881,USA,US,840,USD,48,ChIJSTKCCzZwQIYRPN4IGI8c6xY,Texas,US48,NA,USA.44_1
7dc8ca27,2021-06-19,2979299,52281,NA,27590152,25903986,14363009,12116775,1931,542,NA,1,-1,-1,0,0,-1,-1,3,2,3,1,-3,5,2,46.61,32.41,47.92,37.5,2,United States,Texas,NA,31.170604705,-99.6843408554231,28995881,USA,US,840,USD,48,ChIJSTKCCzZwQIYRPN4IGI8c6xY,Texas,US48,NA,USA.44_1
7dc8ca27,2021-06-20,2979672,52292,NA,27610295,25933235,14374313,12135416,1863,545,NA,1,-1,-1,0,0,-1,-1,3,2,3,1,-3,5,2,46.61,32.41,47.92,37.5,2,United States,Texas,NA,31.170604705,-99.6843408554231,28995881,USA,US,840,USD,48,ChIJSTKCCzZwQIYRPN4IGI8c6xY,Texas,US48,NA,USA.44_1
7dc8ca27,2021-06-21,2980325,52300,NA,27638313,25987556,14403654,12162209,1904,545,NA,1,-1,-1,0,0,-1,-1,3,2,3,1,-3,5,2,46.61,32.41,47.92,37.5,2,United States,Texas,NA,31.170604705,-99.6843408554231,28995881,USA,US,840,USD,48,ChIJSTKCCzZwQIYRPN4IGI8c6xY,Texas,US48,NA,USA.44_1
7dc8ca27,2021-06-22,2982215,52328,NA,27675698,26055485,14432383,12203486,1928,546,NA,1,-1,-1,0,0,-1,-1,3,2,3,1,-3,5,2,46.61,32.41,47.92,37.5,2,United States,Texas,NA,31.170604705,-99.6843408554231,28995881,USA,US,840,USD,48,ChIJSTKCCzZwQIYRPN4IGI8c6xY,Texas,US48,NA,USA.44_1
7dc8ca27,2021-06-23,2983351,52363,NA,27715266,26119429,14461412,12240318,1878,576,NA,1,-1,-1,0,0,-1,-1,3,2,3,1,-3,5,2,46.61,32.41,47.92,37.5,2,United States,Texas,NA,31.170604705,-99.6843408554231,28995881,USA,US,840,USD,48,ChIJSTKCCzZwQIYRPN4IGI8c6xY,Texas,US48,NA,USA.44_1
7dc8ca27,2021-06-24,2985029,52396,NA,27744531,26184333,14491892,12276817,1800,561,NA,1,-1,-1,0,0,-1,-1,3,2,3,1,-3,5,2,46.61,32.41,47.92,37.5,2,United States,Texas,NA,31.170604705,-99.6843408554231,28995881,USA,US,840,USD,48,ChIJSTKCCzZwQIYRPN4IGI8c6xY,Texas,US48,NA,USA.44_1
7dc8ca27,2021-06-25,2986713,52426,NA,27775290,26255142,14523910,12317922,1801,550,NA,1,-1,-1,0,0,-1,-1,3,2,3,1,-3,5,2,46.61,32.41,47.92,37.5,2,United States,Texas,NA,31.170604705,-99.6843408554231,28995881,USA,US,840,USD,48,ChIJSTKCCzZwQIYRPN4IGI8c6xY,Texas,US48,NA,USA.44_1
7dc8ca27,2021-06-26,2988213,52449,NA,27804391,26304305,14546393,12346122,1792,536,NA,1,-1,-1,0,0,-1,-1,3,2,3,1,-3,5,2,46.61,32.41,47.92,37.5,2,United States,Texas,NA,31.170604705,-99.6843408554231,28995881,USA,US,840,USD,48,ChIJSTKCCzZwQIYRPN4IGI8c6xY,Texas,US48,NA,USA.44_1
7dc8ca27,2021-06-27,2988389,52458,NA,27823424,26333009,14559654,12362233,1793,534,NA,1,-1,-1,0,0,-1,-1,3,2,3,1,-3,5,2,46.61,32.41,47.92,37.5,2,United States,Texas,NA,31.170604705,-99.6843408554231,28995881,USA,US,840,USD,48,ChIJSTKCCzZwQIYRPN4IGI8c6xY,Texas,US48,NA,USA.44_1
7dc8ca27,2021-06-28,2989253,52464,NA,27851337,26389024,14587017,12392434,1808,541,NA,1,-1,-1,0,0,-1,-1,3,2,3,1,-3,5,2,46.61,32.41,47.92,37.5,2,United States,Texas,NA,31.170604705,-99.6843408554231,28995881,USA,US,840,USD,48,ChIJSTKCCzZwQIYRPN4IGI8c6xY,Texas,US48,NA,USA.44_1
7dc8ca27,2021-06-29,2990978,52494,NA,27889705,26446852,14614854,12423930,1850,549,NA,1,-1,-1,0,0,-1,-1,3,2,3,1,-3,5,2,46.61,32.41,47.92,37.5,2,United States,Texas,NA,31.170604705,-99.6843408554231,28995881,USA,US,840,USD,48,ChIJSTKCCzZwQIYRPN4IGI8c6xY,Texas,US48,NA,USA.44_1
7dc8ca27,2021-06-30,2993964,52518,NA,27929508,26505274,14643573,12455322,1832,531,NA,1,-1,-1,0,0,-1,-1,3,2,3,1,-3,5,2,46.61,32.41,47.92,37.5,2,United States,Texas,NA,31.170604705,-99.6843408554231,28995881,USA,US,840,USD,48,ChIJSTKCCzZwQIYRPN4IGI8c6xY,Texas,US48,NA,USA.44_1
7dc8ca27,2021-07-01,2995274,52554,NA,27967478,26561836,14671821,12484719,1932,536,NA,1,-1,-1,0,0,-1,-1,3,2,3,1,-3,5,2,46.61,32.41,47.92,37.5,2,United States,Texas,NA,31.170604705,-99.6843408554231,28995881,USA,US,840,USD,48,ChIJSTKCCzZwQIYRPN4IGI8c6xY,Texas,US48,NA,USA.44_1
7dc8ca27,2021-07-02,2997152,52597,NA,28001785,26620382,14701567,12515526,1952,542,NA,1,-1,-1,0,0,-1,-1,3,2,3,1,-3,5,2,46.61,32.41,47.92,37.5,2,United States,Texas,NA,31.170604705,-99.6843408554231,28995881,USA,US,840,USD,48,ChIJSTKCCzZwQIYRPN4IGI8c6xY,Texas,US48,NA,USA.44_1
7dc8ca27,2021-07-03,2998381,52621,NA,28029489,26657572,14721089,12534087,2010,571,NA,1,-1,-1,0,0,-1,-1,3,2,3,1,-3,5,2,46.61,32.41,47.92,37.5,2,United States,Texas,NA,31.170604705,-99.6843408554231,28995881,USA,US,840,USD,48,ChIJSTKCCzZwQIYRPN4IGI8c6xY,Texas,US48,NA,USA.44_1
7dc8ca27,2021-07-04,2998600,52634,NA,28045001,26664491,14724836,12537737,1997,578,NA,1,-1,-1,0,0,-1,-1,3,2,3,1,-3,5,2,46.61,32.41,47.92,37.5,2,United States,Texas,NA,31.170604705,-99.6843408554231,28995881,USA,US,840,USD,48,ChIJSTKCCzZwQIYRPN4IGI8c6xY,Texas,US48,NA,USA.44_1
7dc8ca27,2021-07-05,2999137,52634,NA,28065673,26709128,14749136,12559363,2089,575,NA,1,-1,-1,0,0,-1,-1,3,2,3,1,-3,5,2,46.61,32.41,47.92,37.5,2,United States,Texas,NA,31.170604705,-99.6843408554231,28995881,USA,US,840,USD,48,ChIJSTKCCzZwQIYRPN4IGI8c6xY,Texas,US48,NA,USA.44_1
7dc8ca27,2021-07-06,3000308,52656,NA,28097220,26763980,14776869,12588142,2065,608,NA,1,-1,-1,0,0,-1,-1,3,2,3,1,-3,5,2,46.61,32.41,47.92,37.5,2,United States,Texas,NA,31.170604705,-99.6843408554231,28995881,USA,US,840,USD,48,ChIJSTKCCzZwQIYRPN4IGI8c6xY,Texas,US48,NA,USA.44_1
7dc8ca27,2021-07-07,3004368,52681,NA,28140795,26821387,14808457,12616389,2155,622,NA,1,-1,-1,0,0,-1,-1,3,2,3,1,-3,5,2,46.61,32.41,47.92,37.5,2,United States,Texas,NA,31.170604705,-99.6843408554231,28995881,USA,US,840,USD,48,ChIJSTKCCzZwQIYRPN4IGI8c6xY,Texas,US48,NA,USA.44_1
7dc8ca27,2021-07-08,3006725,52715,NA,28183699,26877987,14840737,12643093,2235,672,NA,1,-1,-1,0,0,-1,-1,3,2,3,1,-3,5,2,46.61,32.41,47.92,37.5,2,United States,Texas,NA,31.170604705,-99.6843408554231,28995881,USA,US,840,USD,48,ChIJSTKCCzZwQIYRPN4IGI8c6xY,Texas,US48,NA,USA.44_1
7dc8ca27,2021-07-09,3009125,52751,NA,28223292,26939490,14874526,12673563,2311,705,NA,1,-1,-1,0,0,-1,-1,3,2,3,1,-3,5,2,46.61,32.41,47.92,37.5,2,United States,Texas,NA,31.170604705,-99.6843408554231,28995881,USA,US,840,USD,48,ChIJSTKCCzZwQIYRPN4IGI8c6xY,Texas,US48,NA,USA.44_1
7dc8ca27,2021-07-10,3010721,52768,NA,28255251,26980323,14897471,12692773,2331,726,NA,1,-1,-1,0,0,-1,-1,3,2,3,1,-3,5,2,46.61,32.41,47.92,37.5,2,United States,Texas,NA,31.170604705,-99.6843408554231,28995881,USA,US,840,USD,48,ChIJSTKCCzZwQIYRPN4IGI8c6xY,Texas,US48,NA,USA.44_1
7dc8ca27,2021-07-11,3011151,52772,NA,28278046,27003922,14911034,12703428,2431,767,NA,1,-1,-1,0,0,-1,-1,3,2,3,1,-3,5,2,46.61,32.41,47.92,37.5,2,United States,Texas,NA,31.170604705,-99.6843408554231,28995881,USA,US,840,USD,48,ChIJSTKCCzZwQIYRPN4IGI8c6xY,Texas,US48,NA,USA.44_1
7dc8ca27,2021-07-12,3012965,52796,NA,28310236,27058352,14942328,12728432,2618,793,NA,1,-1,-1,0,0,-1,-1,3,2,3,1,-3,5,2,46.61,32.41,47.92,37.5,2,United States,Texas,NA,31.170604705,-99.6843408554231,28995881,USA,US,840,USD,48,ChIJSTKCCzZwQIYRPN4IGI8c6xY,Texas,US48,NA,USA.44_1
7dc8ca27,2021-07-13,3018297,52824,NA,28354650,27110331,14972952,12751234,2835,804,NA,1,-1,-1,0,0,-1,-1,3,2,3,1,-3,5,2,46.61,32.41,47.92,37.5,2,United States,Texas,NA,31.170604705,-99.6843408554231,28995881,USA,US,840,USD,48,ChIJSTKCCzZwQIYRPN4IGI8c6xY,Texas,US48,NA,USA.44_1
7dc8ca27,2021-07-14,3023065,52855,NA,28402693,27156027,14999675,12771454,2957,844,NA,1,-1,-1,0,0,-1,-1,3,2,3,1,-3,5,2,46.61,32.41,47.92,37.5,2,United States,Texas,NA,31.170604705,-99.6843408554231,28995881,USA,US,840,USD,48,ChIJSTKCCzZwQIYRPN4IGI8c6xY,Texas,US48,NA,USA.44_1
7dc8ca27,2021-07-15,3026074,52892,NA,28448987,27212219,15033454,12795673,3029,855,NA,1,-1,-1,0,0,-1,-1,3,2,3,1,-3,5,2,46.61,32.41,47.92,37.5,2,United States,Texas,NA,31.170604705,-99.6843408554231,28995881,USA,US,840,USD,48,ChIJSTKCCzZwQIYRPN4IGI8c6xY,Texas,US48,NA,USA.44_1
7dc8ca27,2021-07-16,3030756,52919,NA,28491307,27275979,15071976,12822673,3170,954,NA,1,-1,-1,0,0,-1,-1,3,2,3,1,-3,5,2,46.61,32.41,47.92,37.5,2,United States,Texas,NA,31.170604705,-99.6843408554231,28995881,USA,US,840,USD,48,ChIJSTKCCzZwQIYRPN4IGI8c6xY,Texas,US48,NA,USA.44_1
7dc8ca27,2021-07-17,3033389,52947,NA,28526737,27318551,15097081,12840856,3236,980,NA,1,-1,-1,0,0,-1,-1,3,2,3,1,-3,5,2,46.61,32.41,47.92,37.5,2,United States,Texas,NA,31.170604705,-99.6843408554231,28995881,USA,US,840,USD,48,ChIJSTKCCzZwQIYRPN4IGI8c6xY,Texas,US48,NA,USA.44_1
7dc8ca27,2021-07-18,3035135,52956,NA,28555876,27344505,15112356,12851901,3360,1024,NA,1,-1,-1,0,0,-1,-1,3,2,3,1,-3,5,2,46.61,32.41,47.92,37.5,2,United States,Texas,NA,31.170604705,-99.6843408554231,28995881,USA,US,840,USD,48,ChIJSTKCCzZwQIYRPN4IGI8c6xY,Texas,US48,NA,USA.44_1
7dc8ca27,2021-07-19,3037688,52966,NA,28597267,27406363,15151970,12876055,3646,1060,NA,1,-1,-1,0,0,-1,-1,3,2,3,1,-3,5,2,46.61,32.41,47.92,37.5,2,United States,Texas,NA,31.170604705,-99.6843408554231,28995881,USA,US,840,USD,48,ChIJSTKCCzZwQIYRPN4IGI8c6xY,Texas,US48,NA,USA.44_1
7dc8ca27,2021-07-20,3042473,52992,NA,28657917,27467973,15195499,12895547,3982,1163,NA,1,-1,-1,0,0,-1,-1,3,2,3,2,-3,5,1,47.66,32.41,49.11,37.5,2,United States,Texas,NA,31.170604705,-99.6843408554231,28995881,USA,US,840,USD,48,ChIJSTKCCzZwQIYRPN4IGI8c6xY,Texas,US48,NA,USA.44_1
7dc8ca27,2021-07-21,3050283,53035,NA,28722068,27533212,15239472,12918615,4107,1195,NA,1,-1,-1,0,0,-1,-1,3,2,3,2,-3,5,1,47.66,32.41,49.11,37.5,2,United States,Texas,NA,31.170604705,-99.6843408554231,28995881,USA,US,840,USD,48,ChIJSTKCCzZwQIYRPN4IGI8c6xY,Texas,US48,NA,USA.44_1
7dc8ca27,2021-07-22,3057841,53070,NA,28782934,27599768,15284768,12941020,4222,1208,NA,1,-1,-1,0,0,-1,-1,3,2,3,2,-3,5,1,47.66,32.41,49.11,37.5,2,United States,Texas,NA,31.170604705,-99.6843408554231,28995881,USA,US,840,USD,48,ChIJSTKCCzZwQIYRPN4IGI8c6xY,Texas,US48,NA,USA.44_1
7dc8ca27,2021-07-23,3064653,53118,NA,28853077,27680992,15340875,12968145,4532,1290,NA,1,-1,-1,0,0,-1,-1,3,2,3,2,-3,5,1,47.66,32.41,49.11,37.5,2,United States,Texas,NA,31.170604705,-99.6843408554231,28995881,USA,US,840,USD,48,ChIJSTKCCzZwQIYRPN4IGI8c6xY,Texas,US48,NA,USA.44_1
7dc8ca27,2021-07-24,3069699,53141,NA,28909099,27733891,15376746,12986127,4661,1360,NA,1,-1,-1,0,0,-1,-1,3,2,3,2,-3,5,1,47.66,32.41,49.11,37.5,2,United States,Texas,NA,31.170604705,-99.6843408554231,28995881,USA,US,840,USD,48,ChIJSTKCCzZwQIYRPN4IGI8c6xY,Texas,US48,NA,USA.44_1
7dc8ca27,2021-07-25,3071097,53156,NA,28947612,27766121,15402004,12993479,4984,1410,NA,1,-1,-1,0,0,-1,-1,3,2,3,2,-3,5,1,47.66,32.41,49.11,37.5,2,United States,Texas,NA,31.170604705,-99.6843408554231,28995881,USA,US,840,USD,48,ChIJSTKCCzZwQIYRPN4IGI8c6xY,Texas,US48,NA,USA.44_1
7dc8ca27,2021-07-26,3076397,53171,NA,29001618,27840107,15454753,13016572,5321,1496,NA,1,-1,-1,0,0,-1,-1,3,2,3,2,-3,5,1,47.66,32.41,49.11,37.5,2,United States,Texas,NA,31.170604705,-99.6843408554231,28995881,USA,US,840,USD,48,ChIJSTKCCzZwQIYRPN4IGI8c6xY,Texas,US48,NA,USA.44_1
7dc8ca27,2021-07-27,3088278,53210,NA,29078319,27917301,15510920,13040915,5690,1583,NA,-1,-1,-1,0,0,-1,-1,3,2,3,2,-3,5,2,48.7,30.56,50.3,37.5,2,United States,Texas,NA,31.170604705,-99.6843408554231,28995881,USA,US,840,USD,48,ChIJSTKCCzZwQIYRPN4IGI8c6xY,Texas,US48,NA,USA.44_1
7dc8ca27,2021-07-28,3097047,53275,NA,29157246,27998687,15568859,13066508,5995,1627,NA,-1,-1,-1,0,0,-1,-1,3,2,3,2,-3,5,2,48.7,30.56,50.3,37.5,2,United States,Texas,NA,31.170604705,-99.6843408554231,28995881,USA,US,840,USD,48,ChIJSTKCCzZwQIYRPN4IGI8c6xY,Texas,US48,NA,USA.44_1
7dc8ca27,2021-07-29,3112522,53309,NA,29243422,28079409,15627177,13091030,6256,1695,NA,-1,0,-1,0,0,-1,-1,3,2,3,2,2,5,2,46.88,28.7,48.21,37.5,2,United States,Texas,NA,31.170604705,-99.6843408554231,28995881,USA,US,840,USD,48,ChIJSTKCCzZwQIYRPN4IGI8c6xY,Texas,US48,NA,USA.44_1
7dc8ca27,2021-07-30,3126717,53367,NA,29330308,28169556,15691891,13119423,6713,1756,NA,-1,0,-1,0,0,-1,-1,3,2,3,2,2,5,2,46.88,28.7,48.21,37.5,2,United States,Texas,NA,31.170604705,-99.6843408554231,28995881,USA,US,840,USD,48,ChIJSTKCCzZwQIYRPN4IGI8c6xY,Texas,US48,NA,USA.44_1
7dc8ca27,2021-07-31,3132348,53402,NA,29401974,28230732,15734569,13138713,7021,1859,NA,-1,0,-1,0,0,-1,-1,3,2,3,2,2,5,2,46.88,28.7,48.21,37.5,2,United States,Texas,NA,31.170604705,-99.6843408554231,28995881,USA,US,840,USD,48,ChIJSTKCCzZwQIYRPN4IGI8c6xY,Texas,US48,NA,USA.44_1
7dc8ca27,2021-08-01,3135695,53420,NA,29456382,28269423,15762336,13149649,7333,1962,NA,-1,0,-1,0,0,-1,-1,3,2,3,2,2,5,2,46.88,28.7,48.21,37.5,2,United States,Texas,NA,31.170604705,-99.6843408554231,28995881,USA,US,840,USD,48,ChIJSTKCCzZwQIYRPN4IGI8c6xY,Texas,US48,NA,USA.44_1
7dc8ca27,2021-08-02,3143940,53450,NA,29528059,28352742,15823283,13173815,7723,2057,NA,-1,0,-1,0,0,-1,-1,3,2,3,2,2,5,2,46.88,28.7,48.21,37.5,2,United States,Texas,NA,31.170604705,-99.6843408554231,28995881,USA,US,840,USD,48,ChIJSTKCCzZwQIYRPN4IGI8c6xY,Texas,US48,NA,USA.44_1
7dc8ca27,2021-08-03,3164075,53514,NA,29615161,28434996,15883754,13197550,8184,2146,NA,-1,0,-1,0,0,-1,-1,3,2,3,2,2,5,2,46.88,28.7,48.21,37.5,2,United States,Texas,NA,31.170604705,-99.6843408554231,28995881,USA,US,840,USD,48,ChIJSTKCCzZwQIYRPN4IGI8c6xY,Texas,US48,NA,USA.44_1
7dc8ca27,2021-08-04,3175724,53579,NA,29701040,28520838,15948706,13220452,8467,2248,NA,-1,0,-1,0,0,-1,-1,3,2,3,2,2,5,2,46.88,28.7,48.21,37.5,2,United States,Texas,NA,31.170604705,-99.6843408554231,28995881,USA,US,840,USD,48,ChIJSTKCCzZwQIYRPN4IGI8c6xY,Texas,US48,NA,USA.44_1
7dc8ca27,2021-08-05,3193258,53656,NA,29792652,28613551,16017941,13246116,8988,2288,NA,-1,0,-1,0,0,-1,-1,3,2,3,2,2,5,2,46.88,28.7,48.21,37.5,2,United States,Texas,NA,31.170604705,-99.6843408554231,28995881,USA,US,840,USD,48,ChIJSTKCCzZwQIYRPN4IGI8c6xY,Texas,US48,NA,USA.44_1
7dc8ca27,2021-08-06,3217817,53730,NA,29890213,28720086,16095851,13276781,9257,2400,NA,-1,0,-1,0,0,-1,-1,3,2,3,1,2,5,2,43.75,28.7,44.64,37.5,2,United States,Texas,NA,31.170604705,-99.6843408554231,28995881,USA,US,840,USD,48,ChIJSTKCCzZwQIYRPN4IGI8c6xY,Texas,US48,NA,USA.44_1
7dc8ca27,2021-08-07,3229082,53788,NA,29971907,28792786,16148631,13297396,9513,2476,NA,-1,0,-1,0,0,-1,-1,3,2,3,1,2,5,2,43.75,28.7,44.64,37.5,2,United States,Texas,NA,31.170604705,-99.6843408554231,28995881,USA,US,840,USD,48,ChIJSTKCCzZwQIYRPN4IGI8c6xY,Texas,US48,NA,USA.44_1
7dc8ca27,2021-08-08,3231454,53816,NA,30031561,28839696,16182146,13310867,9952,2539,NA,-1,0,-1,0,0,-1,-1,3,2,3,1,2,5,2,43.75,28.7,44.64,37.5,2,United States,Texas,NA,31.170604705,-99.6843408554231,28995881,USA,US,840,USD,48,ChIJSTKCCzZwQIYRPN4IGI8c6xY,Texas,US48,NA,USA.44_1
7dc8ca27,2021-08-09,3243166,53853,NA,30105550,28936272,16250677,13340532,10391,2705,NA,-1,0,-1,0,0,-1,-1,3,2,3,1,2,5,2,43.75,28.7,44.64,37.5,2,United States,Texas,NA,31.170604705,-99.6843408554231,28995881,USA,US,840,USD,48,ChIJSTKCCzZwQIYRPN4IGI8c6xY,Texas,US48,NA,USA.44_1
7dc8ca27,2021-08-10,3263345,53953,NA,30206901,29035669,16322507,13369656,10841,2763,NA,-1,0,-1,0,0,-1,-1,3,2,3,1,2,5,2,43.75,28.7,44.64,37.5,2,United States,Texas,NA,31.170604705,-99.6843408554231,28995881,USA,US,840,USD,48,ChIJSTKCCzZwQIYRPN4IGI8c6xY,Texas,US48,NA,USA.44_1
7dc8ca27,2021-08-11,3285199,54061,NA,30308932,29129553,16388373,13399126,11124,2889,NA,-2,0,-1,0,0,-1,-1,3,2,3,1,-2,5,2,45.05,32.41,46.13,37.5,2,United States,Texas,NA,31.170604705,-99.6843408554231,28995881,USA,US,840,USD,48,ChIJSTKCCzZwQIYRPN4IGI8c6xY,Texas,US48,NA,USA.44_1
7dc8ca27,2021-08-12,3298392,54200,NA,30415427,29224141,16452652,13430329,11783,2949,NA,-2,0,-1,0,0,-1,-1,3,2,3,1,-2,5,2,45.05,32.41,46.13,37.5,2,United States,Texas,NA,31.170604705,-99.6843408554231,28995881,USA,US,840,USD,48,ChIJSTKCCzZwQIYRPN4IGI8c6xY,Texas,US48,NA,USA.44_1
7dc8ca27,2021-08-13,3316208,54345,NA,30521227,29335174,16524323,13470077,11849,2960,NA,-2,0,-1,0,0,-1,-1,3,2,3,1,-2,5,2,45.05,32.41,46.13,37.5,2,United States,Texas,NA,31.170604705,-99.6843408554231,28995881,USA,US,840,USD,48,ChIJSTKCCzZwQIYRPN4IGI8c6xY,Texas,US48,NA,USA.44_1
7dc8ca27,2021-08-14,3327117,54441,NA,30602717,29412909,16572359,13496958,11933,3120,NA,-2,0,-1,0,0,-1,-1,3,2,3,1,-2,5,2,45.05,32.41,46.13,37.5,2,United States,Texas,NA,31.170604705,-99.6843408554231,28995881,USA,US,840,USD,48,ChIJSTKCCzZwQIYRPN4IGI8c6xY,Texas,US48,NA,USA.44_1
7dc8ca27,2021-08-15,3333059,54488,NA,30660787,29461617,16599308,13515611,12132,3162,NA,-2,0,-1,0,0,-1,-1,3,2,3,1,2,5,2,45.83,32.41,47.02,37.5,2,United States,Texas,NA,31.170604705,-99.6843408554231,28995881,USA,US,840,USD,48,ChIJSTKCCzZwQIYRPN4IGI8c6xY,Texas,US48,NA,USA.44_1
7dc8ca27,2021-08-16,3346889,54537,NA,30738381,29560501,16653796,13552203,12633,3245,NA,-2,0,-1,0,0,-1,-1,3,2,3,1,2,5,2,45.83,32.41,47.02,37.5,2,United States,Texas,NA,31.170604705,-99.6843408554231,28995881,USA,US,840,USD,48,ChIJSTKCCzZwQIYRPN4IGI8c6xY,Texas,US48,NA,USA.44_1
7dc8ca27,2021-08-17,3372386,54643,NA,30840657,29659602,16706707,13588071,12768,3283,NA,-2,0,-1,0,0,-1,-1,3,2,3,1,2,5,2,45.83,32.41,47.02,37.5,2,United States,Texas,NA,31.170604705,-99.6843408554231,28995881,USA,US,840,USD,48,ChIJSTKCCzZwQIYRPN4IGI8c6xY,Texas,US48,NA,USA.44_1
7dc8ca27,2021-08-18,3392291,54819,NA,30953157,29763661,16758104,13626622,12949,3332,NA,-2,0,-1,0,0,-1,-1,3,2,3,1,2,5,2,45.83,32.41,47.02,37.5,2,United States,Texas,NA,31.170604705,-99.6843408554231,28995881,USA,US,840,USD,48,ChIJSTKCCzZwQIYRPN4IGI8c6xY,Texas,US48,NA,USA.44_1
7dc8ca27,2021-08-19,3410867,55031,NA,31070016,29868744,16809258,13665926,13170,3403,NA,-2,0,-1,0,0,-1,-1,3,2,3,2,-2,5,2,48.18,32.41,49.7,37.5,2,United States,Texas,NA,31.170604705,-99.6843408554231,28995881,USA,US,840,USD,48,ChIJSTKCCzZwQIYRPN4IGI8c6xY,Texas,US48,NA,USA.44_1
7dc8ca27,2021-08-20,3433517,55229,NA,31187724,29993024,16868322,13715916,13255,3519,NA,-2,0,-1,0,0,-1,-1,3,2,3,2,-2,5,2,48.18,32.41,49.7,37.5,2,United States,Texas,NA,31.170604705,-99.6843408554231,28995881,USA,US,840,USD,48,ChIJSTKCCzZwQIYRPN4IGI8c6xY,Texas,US48,NA,USA.44_1
7dc8ca27,2021-08-21,3451738,55390,NA,31287652,30074322,16907616,13750997,13479,3589,NA,-2,0,-1,0,0,-1,-1,3,2,3,2,-2,5,2,48.18,32.41,49.7,37.5,2,United States,Texas,NA,31.170604705,-99.6843408554231,28995881,USA,US,840,USD,48,ChIJSTKCCzZwQIYRPN4IGI8c6xY,Texas,US48,NA,USA.44_1
7dc8ca27,2021-08-22,3455618,55450,NA,31360996,30123822,16930782,13772957,13874,3707,NA,-2,0,-2,0,0,-1,-1,3,2,3,2,-2,5,2,51.3,37.96,53.27,37.5,2,United States,Texas,NA,31.170604705,-99.6843408554231,28995881,USA,US,840,USD,48,ChIJSTKCCzZwQIYRPN4IGI8c6xY,Texas,US48,NA,USA.44_1
7dc8ca27,2021-08-23,3466970,55509,NA,31448598,30222859,16974889,13815408,14095,3687,NA,-2,0,-2,0,0,-1,-1,3,2,3,2,-2,5,2,51.3,37.96,53.27,37.5,2,United States,Texas,NA,31.170604705,-99.6843408554231,28995881,USA,US,840,USD,48,ChIJSTKCCzZwQIYRPN4IGI8c6xY,Texas,US48,NA,USA.44_1
7dc8ca27,2021-08-24,3488035,55719,NA,31564900,30323454,17021154,13857787,14261,3793,NA,-2,0,-2,0,0,-1,-1,3,2,3,2,-2,5,2,51.3,37.96,53.27,37.5,2,United States,Texas,NA,31.170604705,-99.6843408554231,28995881,USA,US,840,USD,48,ChIJSTKCCzZwQIYRPN4IGI8c6xY,Texas,US48,NA,USA.44_1
7dc8ca27,2021-08-25,3511447,55967,NA,31709074,30427067,17068925,13901813,14367,3837,NA,-2,0,-2,0,0,-1,-1,3,2,3,2,-2,5,2,51.3,37.96,53.27,37.5,2,United States,Texas,NA,31.170604705,-99.6843408554231,28995881,USA,US,840,USD,48,ChIJSTKCCzZwQIYRPN4IGI8c6xY,Texas,US48,NA,USA.44_1
7dc8ca27,2021-08-26,3527090,56228,NA,31841369,30534983,17116766,13948923,14061,3795,NA,-2,0,-2,0,0,-1,-1,3,2,3,2,-2,5,2,51.3,37.96,53.27,37.5,2,United States,Texas,NA,31.170604705,-99.6843408554231,28995881,USA,US,840,USD,48,ChIJSTKCCzZwQIYRPN4IGI8c6xY,Texas,US48,NA,USA.44_1
7dc8ca27,2021-08-27,3548371,56519,NA,31978475,30666316,17172147,14008158,14107,3825,NA,-2,0,-2,0,0,-1,-1,3,2,3,2,-2,5,2,51.3,37.96,53.27,37.5,2,United States,Texas,NA,31.170604705,-99.6843408554231,28995881,USA,US,840,USD,48,ChIJSTKCCzZwQIYRPN4IGI8c6xY,Texas,US48,NA,USA.44_1
7dc8ca27,2021-08-28,3558939,56741,NA,32076677,30754158,17209663,14050953,14047,3834,NA,-2,0,-2,0,0,-1,-1,3,2,3,2,-2,5,2,51.3,37.96,53.27,37.5,2,United States,Texas,NA,31.170604705,-99.6843408554231,28995881,USA,US,840,USD,48,ChIJSTKCCzZwQIYRPN4IGI8c6xY,Texas,US48,NA,USA.44_1
7dc8ca27,2021-08-29,3562808,56850,NA,32152054,30807743,17232039,14077538,14206,3939,NA,-2,0,-2,0,0,-1,-1,3,2,3,2,-2,5,2,51.3,37.96,53.27,37.5,2,United States,Texas,NA,31.170604705,-99.6843408554231,28995881,USA,US,840,USD,48,ChIJSTKCCzZwQIYRPN4IGI8c6xY,Texas,US48,NA,USA.44_1
7dc8ca27,2021-08-30,3582287,56975,NA,32255099,30915428,17276059,14128284,14379,3940,NA,-2,0,-2,0,0,-1,-1,3,2,3,2,-2,5,2,51.3,37.96,53.27,37.5,2,United States,Texas,NA,31.170604705,-99.6843408554231,28995881,USA,US,840,USD,48,ChIJSTKCCzZwQIYRPN4IGI8c6xY,Texas,US48,NA,USA.44_1
7dc8ca27,2021-08-31,3604438,57205,NA,32404846,31024838,17320787,14177790,14386,3866,NA,-2,0,-2,0,0,-1,-1,3,2,3,2,-2,5,2,51.3,37.96,53.27,37.5,2,United States,Texas,NA,31.170604705,-99.6843408554231,28995881,USA,US,840,USD,48,ChIJSTKCCzZwQIYRPN4IGI8c6xY,Texas,US48,NA,USA.44_1
7dc8ca27,2021-09-01,3630865,57533,NA,32547042,31124865,17360397,14224168,13986,3858,NA,-2,0,-2,0,0,-1,-1,3,2,3,2,-2,5,2,51.3,37.96,53.27,37.5,2,United States,Texas,NA,31.170604705,-99.6843408554231,28995881,USA,US,840,USD,48,ChIJSTKCCzZwQIYRPN4IGI8c6xY,Texas,US48,NA,USA.44_1
7dc8ca27,2021-09-02,3650334,57869,NA,32690775,31223139,17398790,14269832,14302,3927,NA,-2,0,-2,0,0,-1,-1,3,2,3,2,-2,5,2,51.3,37.96,53.27,37.5,2,United States,Texas,NA,31.170604705,-99.6843408554231,28995881,USA,US,840,USD,48,ChIJSTKCCzZwQIYRPN4IGI8c6xY,Texas,US48,NA,USA.44_1
7dc8ca27,2021-09-03,3677129,58157,NA,32826366,31339584,17442956,14325571,14070,3855,NA,-2,0,-2,0,0,-1,-1,3,2,3,2,-2,5,2,51.3,37.96,53.27,37.5,2,United States,Texas,NA,31.170604705,-99.6843408554231,28995881,USA,US,840,USD,48,ChIJSTKCCzZwQIYRPN4IGI8c6xY,Texas,US48,NA,USA.44_1
7dc8ca27,2021-09-04,3693335,58422,NA,32931570,31413130,17471586,14363132,14035,3891,NA,-2,0,-2,0,0,-1,-1,3,2,3,2,-2,5,2,51.3,37.96,53.27,37.5,2,United States,Texas,NA,31.170604705,-99.6843408554231,28995881,USA,US,840,USD,48,ChIJSTKCCzZwQIYRPN4IGI8c6xY,Texas,US48,NA,USA.44_1
7dc8ca27,2021-09-05,3696245,58572,NA,33013486,31459066,17490326,14385723,13962,3873,NA,-2,0,-2,0,0,-1,-1,3,2,3,2,-2,5,2,51.3,37.96,53.27,37.5,2,United States,Texas,NA,31.170604705,-99.6843408554231,28995881,USA,US,840,USD,48,ChIJSTKCCzZwQIYRPN4IGI8c6xY,Texas,US48,NA,USA.44_1
7dc8ca27,2021-09-06,3700956,58619,NA,33083336,31483810,17500707,14398546,13899,3843,NA,-2,0,-2,0,0,-1,-1,3,2,3,2,-2,5,2,51.3,37.96,53.27,37.5,2,United States,Texas,NA,31.170604705,-99.6843408554231,28995881,USA,US,840,USD,48,ChIJSTKCCzZwQIYRPN4IGI8c6xY,Texas,US48,NA,USA.44_1
7dc8ca27,2021-09-07,3710719,58788,NA,33171460,31576807,17532242,14448255,13963,3855,NA,-2,0,-2,0,0,-1,-1,3,2,3,2,-2,5,2,51.3,37.96,53.27,37.5,2,United States,Texas,NA,31.170604705,-99.6843408554231,28995881,USA,US,840,USD,48,ChIJSTKCCzZwQIYRPN4IGI8c6xY,Texas,US48,NA,USA.44_1
7dc8ca27,2021-09-08,3752776,59090,NA,33301574,31661498,17564414,14489483,13701,3830,NA,-2,0,-2,0,0,-1,-1,3,2,3,2,-2,5,2,51.3,37.96,53.27,37.5,2,United States,Texas,NA,31.170604705,-99.6843408554231,28995881,USA,US,840,USD,48,ChIJSTKCCzZwQIYRPN4IGI8c6xY,Texas,US48,NA,USA.44_1
7dc8ca27,2021-09-09,3784830,59492,NA,33447225,31747955,17597405,14530724,13940,3945,NA,-2,0,-2,0,0,-1,-1,3,2,3,2,-2,5,2,51.3,37.96,53.27,37.5,2,United States,Texas,NA,31.170604705,-99.6843408554231,28995881,USA,US,840,USD,48,ChIJSTKCCzZwQIYRPN4IGI8c6xY,Texas,US48,NA,USA.44_1
7dc8ca27,2021-09-10,3802905,59905,NA,33588623,31856273,17638159,14583933,13964,3891,NA,-2,0,-2,0,0,-1,-1,3,2,3,2,-2,5,2,51.3,37.96,53.27,37.5,2,United States,Texas,NA,31.170604705,-99.6843408554231,28995881,USA,US,840,USD,48,ChIJSTKCCzZwQIYRPN4IGI8c6xY,Texas,US48,NA,USA.44_1
7dc8ca27,2021-09-11,3813319,60221,NA,33705897,31926585,17664886,14620916,13810,3864,NA,-2,0,-2,0,0,-1,-1,3,2,3,2,-2,5,2,51.3,37.96,53.27,37.5,2,United States,Texas,NA,31.170604705,-99.6843408554231,28995881,USA,US,840,USD,48,ChIJSTKCCzZwQIYRPN4IGI8c6xY,Texas,US48,NA,USA.44_1
7dc8ca27,2021-09-12,3815818,60357,NA,33777930,31967504,17680059,14642814,13518,3729,NA,-2,0,-2,0,0,-1,-1,3,2,3,2,-2,5,2,51.3,37.96,53.27,37.5,2,United States,Texas,NA,31.170604705,-99.6843408554231,28995881,USA,US,840,USD,48,ChIJSTKCCzZwQIYRPN4IGI8c6xY,Texas,US48,NA,USA.44_1
7dc8ca27,2021-09-13,3833311,60475,NA,33878904,32044247,17709552,14681041,13490,3824,NA,-2,0,-2,0,0,-1,-1,3,2,3,2,-2,5,2,51.3,37.96,53.27,37.5,2,United States,Texas,NA,31.170604705,-99.6843408554231,28995881,USA,US,840,USD,48,ChIJSTKCCzZwQIYRPN4IGI8c6xY,Texas,US48,NA,USA.44_1
7dc8ca27,2021-09-14,3857592,60790,NA,33988198,32108129,17734002,14712784,13430,3792,NA,-2,0,-2,0,0,-1,-1,3,2,3,2,-2,5,2,51.3,37.96,53.27,37.5,2,United States,Texas,NA,31.170604705,-99.6843408554231,28995881,USA,US,840,USD,48,ChIJSTKCCzZwQIYRPN4IGI8c6xY,Texas,US48,NA,USA.44_1
7dc8ca27,2021-09-15,3880333,61207,NA,34104312,32177822,17759388,14748729,12955,3783,NA,-2,0,-2,0,0,-1,-1,3,2,3,2,-2,5,2,51.3,37.96,53.27,37.5,2,United States,Texas,NA,31.170604705,-99.6843408554231,28995881,USA,US,840,USD,48,ChIJSTKCCzZwQIYRPN4IGI8c6xY,Texas,US48,NA,USA.44_1
7dc8ca27,2021-09-16,3897271,61573,NA,34221375,32251334,17785702,14786467,12840,3762,NA,-2,0,-2,0,0,-1,-1,3,2,3,2,-2,5,2,51.3,37.96,53.27,37.5,2,United States,Texas,NA,31.170604705,-99.6843408554231,28995881,USA,US,840,USD,48,ChIJSTKCCzZwQIYRPN4IGI8c6xY,Texas,US48,NA,USA.44_1
7dc8ca27,2021-09-17,3915675,61931,NA,34342983,32341863,17816842,14833531,12770,3696,NA,-2,0,-2,0,0,-1,-1,3,2,3,2,-2,5,2,51.3,37.96,53.27,37.5,2,United States,Texas,NA,31.170604705,-99.6843408554231,28995881,USA,US,840,USD,48,ChIJSTKCCzZwQIYRPN4IGI8c6xY,Texas,US48,NA,USA.44_1
7dc8ca27,2021-09-18,3925228,62226,NA,34428565,32399501,17836512,14864664,12329,3620,NA,-2,0,-2,0,0,-1,-1,3,2,3,2,-2,5,2,51.3,37.96,53.27,37.5,2,United States,Texas,NA,31.170604705,-99.6843408554231,28995881,USA,US,840,USD,48,ChIJSTKCCzZwQIYRPN4IGI8c6xY,Texas,US48,NA,USA.44_1
7dc8ca27,2021-09-19,3926755,62323,NA,34489995,32433011,17847921,14883701,12205,3607,NA,-2,0,-2,0,0,-1,-1,3,2,3,2,-2,5,2,51.3,37.96,53.27,37.5,2,United States,Texas,NA,31.170604705,-99.6843408554231,28995881,USA,US,840,USD,48,ChIJSTKCCzZwQIYRPN4IGI8c6xY,Texas,US48,NA,USA.44_1
7dc8ca27,2021-09-20,3938756,62432,NA,34559296,32499831,17870564,14918109,12160,3514,NA,-2,0,-2,0,0,-1,-1,3,2,3,2,-2,5,2,51.3,37.96,53.27,37.5,2,United States,Texas,NA,31.170604705,-99.6843408554231,28995881,USA,US,840,USD,48,ChIJSTKCCzZwQIYRPN4IGI8c6xY,Texas,US48,NA,USA.44_1
7dc8ca27,2021-09-21,3954709,62778,NA,34662839,32566172,17892458,14951866,11950,3540,NA,-2,0,-2,0,0,-1,-1,3,2,3,2,-2,5,2,51.3,37.96,53.27,37.5,2,United States,Texas,NA,31.170604705,-99.6843408554231,28995881,USA,US,840,USD,48,ChIJSTKCCzZwQIYRPN4IGI8c6xY,Texas,US48,NA,USA.44_1
7dc8ca27,2021-09-22,3972002,63162,NA,34777455,32628336,17913094,14983226,11502,3455,NA,-2,0,-2,0,0,-1,-1,3,2,3,2,-2,5,2,51.3,37.96,53.27,37.5,2,United States,Texas,NA,31.170604705,-99.6843408554231,28995881,USA,US,840,USD,48,ChIJSTKCCzZwQIYRPN4IGI8c6xY,Texas,US48,NA,USA.44_1
7dc8ca27,2021-09-23,3982646,63608,NA,34882374,32692417,17934118,15013849,11336,3333,NA,-2,0,-2,0,0,-1,-1,3,2,3,2,-2,5,2,51.3,37.96,53.27,37.5,2,United States,Texas,NA,31.170604705,-99.6843408554231,28995881,USA,US,840,USD,48,ChIJSTKCCzZwQIYRPN4IGI8c6xY,Texas,US48,NA,USA.44_1
7dc8ca27,2021-09-24,3999392,64016,NA,34991883,32785141,17960568,15053876,10863,3294,NA,-2,0,-2,0,0,-1,-1,3,2,3,2,-2,5,2,51.3,37.96,53.27,37.5,2,United States,Texas,NA,31.170604705,-99.6843408554231,28995881,USA,US,840,USD,48,ChIJSTKCCzZwQIYRPN4IGI8c6xY,Texas,US48,NA,USA.44_1
7dc8ca27,2021-09-25,4005238,64274,NA,35068662,32845378,17978053,15079375,10481,3241,NA,-2,0,-2,0,0,-1,-1,3,2,3,2,-2,5,2,51.3,37.96,53.27,37.5,2,United States,Texas,NA,31.170604705,-99.6843408554231,28995881,USA,US,840,USD,48,ChIJSTKCCzZwQIYRPN4IGI8c6xY,Texas,US48,NA,USA.44_1
7dc8ca27,2021-09-26,4011213,64419,NA,35112598,32879741,17987130,15095662,10198,3237,NA,-2,0,-2,0,0,-1,-1,3,2,3,2,-2,5,2,51.3,37.96,53.27,37.5,2,United States,Texas,NA,31.170604705,-99.6843408554231,28995881,USA,US,840,USD,48,ChIJSTKCCzZwQIYRPN4IGI8c6xY,Texas,US48,NA,USA.44_1
7dc8ca27,2021-09-27,4021667,64538,NA,35178641,32961042,18009413,15118247,9950,3134,NA,-2,0,-1,0,0,0,-1,3,2,3,2,2,5,2,47.92,30.56,49.4,37.5,2,United States,Texas,NA,31.170604705,-99.6843408554231,28995881,USA,US,840,USD,48,ChIJSTKCCzZwQIYRPN4IGI8c6xY,Texas,US48,NA,USA.44_1
7dc8ca27,2021-09-28,4035865,64806,NA,35277310,33045037,18030979,15145547,9881,3103,NA,-2,0,-1,0,0,0,-1,3,2,3,2,2,5,2,47.92,30.56,49.4,37.5,2,United States,Texas,NA,31.170604705,-99.6843408554231,28995881,USA,US,840,USD,48,ChIJSTKCCzZwQIYRPN4IGI8c6xY,Texas,US48,NA,USA.44_1
7dc8ca27,2021-09-29,4050122,65191,NA,35381426,33130476,18053827,15172841,9391,3018,NA,-2,0,-1,0,0,0,-1,3,2,3,2,2,5,2,47.92,30.56,49.4,37.5,2,United States,Texas,NA,31.170604705,-99.6843408554231,28995881,USA,US,840,USD,48,ChIJSTKCCzZwQIYRPN4IGI8c6xY,Texas,US48,NA,USA.44_1
7dc8ca27,2021-09-30,4059956,65532,NA,35487816,33216438,18076153,15200960,9283,2931,NA,-2,0,-1,0,0,0,-1,3,2,3,2,2,5,2,47.92,30.56,49.4,37.5,2,United States,Texas,NA,31.170604705,-99.6843408554231,28995881,USA,US,840,USD,48,ChIJSTKCCzZwQIYRPN4IGI8c6xY,Texas,US48,NA,USA.44_1
7dc8ca27,2021-10-01,4069475,65858,NA,35585668,33317451,18100811,15235534,8811,2771,NA,-2,0,-1,0,0,0,-1,3,2,3,2,2,5,2,47.92,30.56,49.4,37.5,2,United States,Texas,NA,31.170604705,-99.6843408554231,28995881,USA,US,840,USD,48,ChIJSTKCCzZwQIYRPN4IGI8c6xY,Texas,US48,NA,USA.44_1
7dc8ca27,2021-10-02,4075826,66106,NA,35653465,33368964,18115125,15257228,8492,2664,NA,-2,0,-1,0,0,0,-1,3,2,3,2,2,5,2,47.92,30.56,49.4,37.5,2,United States,Texas,NA,31.170604705,-99.6843408554231,28995881,USA,US,840,USD,48,ChIJSTKCCzZwQIYRPN4IGI8c6xY,Texas,US48,NA,USA.44_1
7dc8ca27,2021-10-03,4076957,66234,NA,35695974,33399201,18123370,15270105,8374,2663,NA,-2,0,-1,0,0,0,-1,3,2,3,2,2,5,2,47.92,30.56,49.4,37.5,2,United States,Texas,NA,31.170604705,-99.6843408554231,28995881,USA,US,840,USD,48,ChIJSTKCCzZwQIYRPN4IGI8c6xY,Texas,US48,NA,USA.44_1
7dc8ca27,2021-10-04,4084775,66367,NA,35753274,33470324,18141915,15292714,8309,2646,NA,-2,0,1,0,0,0,-1,3,2,3,2,2,5,2,49.48,33.33,51.19,37.5,2,United States,Texas,NA,31.170604705,-99.6843408554231,28995881,USA,US,840,USD,48,ChIJSTKCCzZwQIYRPN4IGI8c6xY,Texas,US48,NA,USA.44_1
7dc8ca27,2021-10-05,4095417,66638,NA,35845096,33540524,18160066,15314215,8047,2582,NA,-2,0,1,0,0,0,-1,3,2,3,2,2,5,2,49.48,33.33,51.19,37.5,2,United States,Texas,NA,31.170604705,-99.6843408554231,28995881,USA,US,840,USD,48,ChIJSTKCCzZwQIYRPN4IGI8c6xY,Texas,US48,NA,USA.44_1
7dc8ca27,2021-10-06,4108141,67015,NA,35942944,33613599,18177978,15335411,7461,2444,NA,-2,0,1,0,0,0,-1,3,2,3,2,2,5,2,49.48,33.33,51.19,37.5,2,United States,Texas,NA,31.170604705,-99.6843408554231,28995881,USA,US,840,USD,48,ChIJSTKCCzZwQIYRPN4IGI8c6xY,Texas,US48,NA,USA.44_1
7dc8ca27,2021-10-07,4116095,67267,NA,36041280,33686015,18196335,15356889,7493,2335,NA,-2,0,1,0,0,0,-1,3,2,3,2,2,5,2,49.48,33.33,51.19,37.5,2,United States,Texas,NA,31.170604705,-99.6843408554231,28995881,USA,US,840,USD,48,ChIJSTKCCzZwQIYRPN4IGI8c6xY,Texas,US48,NA,USA.44_1
7dc8ca27,2021-10-08,4123946,67659,NA,36128447,33772086,18218258,15384032,7267,2353,NA,-2,0,1,0,0,0,-1,3,2,3,2,2,5,2,49.48,33.33,51.19,37.5,2,United States,Texas,NA,31.170604705,-99.6843408554231,28995881,USA,US,840,USD,48,ChIJSTKCCzZwQIYRPN4IGI8c6xY,Texas,US48,NA,USA.44_1
7dc8ca27,2021-10-09,4128945,67889,NA,36193474,33813640,18230030,15400395,6908,2277,NA,-2,0,1,0,0,0,-1,3,2,3,2,2,5,2,49.48,33.33,51.19,37.5,2,United States,Texas,NA,31.170604705,-99.6843408554231,28995881,USA,US,840,USD,48,ChIJSTKCCzZwQIYRPN4IGI8c6xY,Texas,US48,NA,USA.44_1
7dc8ca27,2021-10-10,4129954,67994,NA,36228881,33838931,18237343,15410770,6623,2225,NA,-2,0,1,0,0,0,-1,3,2,3,2,2,5,2,49.48,33.33,51.19,37.5,2,United States,Texas,NA,31.170604705,-99.6843408554231,28995881,USA,US,840,USD,48,ChIJSTKCCzZwQIYRPN4IGI8c6xY,Texas,US48,NA,USA.44_1
7dc8ca27,2021-10-11,4135402,68057,NA,36282165,33903649,18253875,15430030,6709,2244,NA,-2,0,1,0,0,0,-1,3,2,3,2,2,5,2,49.48,33.33,51.19,37.5,2,United States,Texas,NA,31.170604705,-99.6843408554231,28995881,USA,US,840,USD,48,ChIJSTKCCzZwQIYRPN4IGI8c6xY,Texas,US48,NA,USA.44_1
7dc8ca27,2021-10-12,4145150,68287,NA,36361092,33968957,18271467,15448625,6424,2057,NA,1,1,1,0,0,0,1,3,2,3,1,2,5,2,48.96,37.96,50.6,37.5,2,United States,Texas,NA,31.170604705,-99.6843408554231,28995881,USA,US,840,USD,48,ChIJSTKCCzZwQIYRPN4IGI8c6xY,Texas,US48,NA,USA.44_1
7dc8ca27,2021-10-13,4154847,68587,NA,36451331,34027028,18286876,15466531,6162,2084,NA,1,1,1,0,0,0,1,3,2,3,1,2,5,2,48.96,37.96,50.6,37.5,2,United States,Texas,NA,31.170604705,-99.6843408554231,28995881,USA,US,840,USD,48,ChIJSTKCCzZwQIYRPN4IGI8c6xY,Texas,US48,NA,USA.44_1
7dc8ca27,2021-10-14,4160441,68811,NA,36546503,34087633,18302838,15484628,6122,2009,NA,1,1,1,0,0,0,1,3,2,3,1,2,5,2,48.96,37.96,50.6,37.5,2,United States,Texas,NA,31.170604705,-99.6843408554231,28995881,USA,US,840,USD,48,ChIJSTKCCzZwQIYRPN4IGI8c6xY,Texas,US48,NA,USA.44_1
7dc8ca27,2021-10-15,4167271,69071,NA,36624865,34162417,18322066,15507642,5864,1891,NA,1,1,1,0,0,0,1,3,2,3,1,2,5,2,48.96,37.96,50.6,37.5,2,United States,Texas,NA,31.170604705,-99.6843408554231,28995881,USA,US,840,USD,48,ChIJSTKCCzZwQIYRPN4IGI8c6xY,Texas,US48,NA,USA.44_1
7dc8ca27,2021-10-16,4170584,69273,NA,36681049,34198111,18332835,15521170,5554,1824,NA,1,1,1,0,0,0,1,3,2,3,1,2,5,2,48.96,37.96,50.6,37.5,2,United States,Texas,NA,31.170604705,-99.6843408554231,28995881,USA,US,840,USD,48,ChIJSTKCCzZwQIYRPN4IGI8c6xY,Texas,US48,NA,USA.44_1
7dc8ca27,2021-10-17,4171446,69373,NA,36715931,34219804,18339929,15529236,5515,1827,NA,1,1,1,0,0,0,1,3,2,3,1,2,5,2,48.96,37.96,50.6,37.5,2,United States,Texas,NA,31.170604705,-99.6843408554231,28995881,USA,US,840,USD,48,ChIJSTKCCzZwQIYRPN4IGI8c6xY,Texas,US48,NA,USA.44_1
7dc8ca27,2021-10-18,4176433,69442,NA,36767119,34277682,18356140,15546720,5441,1823,NA,1,1,1,0,0,0,1,3,2,3,1,2,5,2,48.96,37.96,50.6,37.5,2,United States,Texas,NA,31.170604705,-99.6843408554231,28995881,USA,US,840,USD,48,ChIJSTKCCzZwQIYRPN4IGI8c6xY,Texas,US48,NA,USA.44_1
7dc8ca27,2021-10-19,4182689,69649,NA,36852783,34333528,18370745,15562202,5332,1765,NA,1,1,1,0,0,0,1,3,2,3,1,2,5,2,48.96,37.96,50.6,37.5,2,United States,Texas,NA,31.170604705,-99.6843408554231,28995881,USA,US,840,USD,48,ChIJSTKCCzZwQIYRPN4IGI8c6xY,Texas,US48,NA,USA.44_1
7dc8ca27,2021-10-20,4188539,69904,NA,36937105,34392317,18385473,15577984,5066,1751,NA,1,1,1,0,0,0,1,3,2,3,1,2,5,2,48.96,37.96,50.6,37.5,2,United States,Texas,NA,31.170604705,-99.6843408554231,28995881,USA,US,840,USD,48,ChIJSTKCCzZwQIYRPN4IGI8c6xY,Texas,US48,NA,USA.44_1
7dc8ca27,2021-10-21,4194234,70128,NA,37029928,34453760,18400469,15594280,5097,1687,NA,1,1,1,0,0,0,1,3,2,3,1,2,5,2,48.96,37.96,50.6,37.5,2,United States,Texas,NA,31.170604705,-99.6843408554231,28995881,USA,US,840,USD,48,ChIJSTKCCzZwQIYRPN4IGI8c6xY,Texas,US48,NA,USA.44_1
7dc8ca27,2021-10-22,4198500,70355,NA,37108336,34557568,18420403,15615016,4887,1648,NA,1,1,1,0,0,0,1,3,2,3,1,2,5,2,48.96,37.96,50.6,37.5,2,United States,Texas,NA,31.170604705,-99.6843408554231,28995881,USA,US,840,USD,48,ChIJSTKCCzZwQIYRPN4IGI8c6xY,Texas,US48,NA,USA.44_1
7dc8ca27,2021-10-23,4201408,70531,NA,37161847,34623357,18433564,15628046,4658,1564,NA,1,1,1,0,0,0,1,3,2,3,1,2,5,2,48.96,37.96,50.6,37.5,2,United States,Texas,NA,31.170604705,-99.6843408554231,28995881,USA,US,840,USD,48,ChIJSTKCCzZwQIYRPN4IGI8c6xY,Texas,US48,NA,USA.44_1
