date,daily_cases,daily_deaths,change_daily_cases,cumulative_cases,cumulative_deaths
2020-01-21,NA,NA,NA,1,0
2020-01-22,0,0,NA,1,0
2020-01-23,0,0,0,1,0
2020-01-24,1,0,1,2,0
2020-01-25,1,0,0,3,0
2020-01-26,2,0,1,5,0
2020-01-27,0,0,-2,5,0
2020-01-28,0,0,0,5,0
2020-01-29,0,0,0,5,0
2020-01-30,1,0,1,6,0
2020-01-31,1,0,0,7,0
2020-02-01,1,0,0,8,0
2020-02-02,3,0,2,11,0
2020-02-03,0,0,-3,11,0
2020-02-04,0,0,0,11,0
2020-02-05,1,0,1,12,0
2020-02-06,0,0,-1,12,0
2020-02-07,0,0,0,12,0
2020-02-08,0,0,0,12,0
2020-02-09,0,0,0,12,0
2020-02-10,1,0,1,13,0
2020-02-11,0,0,-1,13,0
2020-02-12,1,0,1,14,0
2020-02-13,1,0,0,15,0
2020-02-14,0,0,-1,15,0
2020-02-15,0,0,0,15,0
2020-02-16,0,0,0,15,0
2020-02-17,10,0,10,25,0
2020-02-18,0,0,-10,25,0
2020-02-19,0,0,0,25,0
2020-02-20,2,0,2,27,0
2020-02-21,3,0,1,30,0
2020-02-22,0,0,-3,30,0
2020-02-23,0,0,0,30,0
2020-02-24,13,0,13,43,0
2020-02-25,2,0,-11,45,0
2020-02-26,15,0,13,60,0
2020-02-27,0,0,-15,60,0
2020-02-28,5,0,5,65,0
2020-02-29,5,1,0,70,1
2020-03-01,18,2,13,88,3
2020-03-02,16,3,-2,104,6
2020-03-03,21,4,5,125,10
2020-03-04,36,2,15,161,12
2020-03-05,67,0,31,228,12
2020-03-06,83,3,16,311,15
2020-03-07,117,4,34,428,19
2020-03-08,119,3,2,547,22
2020-03-09,201,4,82,748,26
2020-03-10,270,5,69,1018,31
2020-03-11,245,6,-25,1263,37
2020-03-12,405,6,160,1668,43
2020-03-13,556,7,151,2224,50
2020-03-14,674,10,118,2898,60
2020-03-15,702,8,28,3600,68
2020-03-16,907,23,205,4507,91
2020-03-17,1399,26,492,5906,117
2020-03-18,2444,45,1045,8350,162
2020-03-19,4043,50,1599,12393,212
2020-03-20,5619,65,1576,18012,277
2020-03-21,6516,83,897,24528,360
2020-03-22,8545,98,2029,33073,458
2020-03-23,10432,121,1887,43505,579
2020-03-24,10433,206,1,53938,785
2020-03-25,14634,269,4201,68572,1054
2020-03-26,16998,299,2364,85570,1353
2020-03-27,17330,417,332,102900,1770
2020-03-28,21066,530,3736,123966,2300
2020-03-29,18520,418,-2546,142486,2718
2020-03-30,21469,650,2949,163955,3368
2020-03-31,24506,936,3037,188461,4304
2020-04-01,26930,1021,2424,215391,5325
2020-04-02,29717,1216,2787,245108,6541
2020-04-03,32318,1391,2601,277426,7932
2020-04-04,35099,1556,2781,312525,9488
2020-04-05,25616,1368,-9483,338141,10856
2020-04-06,30916,1526,5300,369057,12382
2020-04-07,30337,2234,-579,399394,14616
2020-04-08,31820,2085,1483,431214,16701
2020-04-09,34699,2120,2879,465913,18821
2020-04-10,33473,2263,-1226,499386,21084
2020-04-11,31720,2084,-1753,531106,23168
2020-04-12,27143,1681,-4577,558249,24849
2020-04-13,25769,1764,-1374,584018,26613
2020-04-14,26691,2705,922,610709,29318
2020-04-15,30033,2752,3342,640742,32070
2020-04-16,31613,2349,1580,672355,34419
2020-04-17,31509,2289,-104,703864,36708
2020-04-18,28398,1951,-3111,732262,38659
2020-04-19,25334,1520,-3064,757596,40179
2020-04-20,27395,1837,2061,784991,42016
2020-04-21,25514,2672,-1881,810505,44688
2020-04-22,28831,2371,3317,839336,47059
2020-04-23,33776,2169,4945,873112,49228
2020-04-24,36741,2132,2965,909853,51360
2020-04-25,34408,1967,-2333,944261,53327
2020-04-26,26735,1253,-7673,970996,54580
2020-04-27,23197,1442,-3538,994193,56022
2020-04-28,24651,2394,1454,1018844,58416
2020-04-29,26555,2514,1904,1045399,60930
2020-04-30,30357,2210,3802,1075756,63140
2020-05-01,33970,1762,3613,1109726,64902
2020-05-02,29474,1583,-4496,1139200,66485
2020-05-03,26140,1331,-3334,1165340,67816
2020-05-04,21962,1089,-4178,1187302,68905
2020-05-05,23709,2234,1747,1211011,71139
2020-05-06,24506,2708,797,1235517,73847
2020-05-07,28478,1958,3972,1263995,75805
2020-05-08,27648,1575,-830,1291643,77380
2020-05-09,24868,1454,-2780,1316511,78834
2020-05-10,20317,932,-4551,1336828,79766
2020-05-11,17621,982,-2696,1354449,80748
2020-05-12,22300,1652,4679,1376749,82400
2020-05-13,21145,1768,-1155,1397894,84168
2020-05-14,26962,1738,5817,1424856,85906
2020-05-15,26237,1593,-725,1451093,87499
2020-05-16,23659,1225,-2578,1474752,88724
2020-05-17,19014,844,-4645,1493766,89568
2020-05-18,21827,846,2813,1515593,90414
2020-05-19,20977,1520,-850,1536570,91934
2020-05-20,23070,1477,2093,1559640,93411
2020-05-21,25733,1311,2663,1585373,94722
2020-05-22,23799,1288,-1934,1609172,96010
2020-05-23,22268,1050,-1531,1631440,97060
2020-05-24,20031,620,-2237,1651471,97680
2020-05-25,19100,510,-931,1670571,98190
2020-05-26,18896,747,-204,1689467,98937
2020-05-27,18744,1485,-152,1708211,100422
2020-05-28,22512,1200,3768,1730723,101622
2020-05-29,24548,1190,2036,1755271,102812
2020-05-30,23397,963,-1151,1778668,103775
2020-05-31,20634,604,-2763,1799302,104379
2020-06-01,21897,734,1263,1821199,105113
2020-06-02,20791,1082,-1106,1841990,106195
2020-06-03,19987,989,-804,1861977,107184
2020-06-04,21616,1008,1629,1883593,108192
2020-06-05,28709,1112,7093,1912302,109304
2020-06-06,22516,728,-6193,1934818,110032
2020-06-07,18616,390,-3900,1953434,110422
2020-06-08,18207,722,-409,1971641,111144
2020-06-09,18805,1030,598,1990446,112174
2020-06-10,22852,929,4047,2013298,113103
2020-06-11,23202,877,350,2036500,113980
2020-06-12,25493,779,2291,2061993,114759
2020-06-13,25334,692,-159,2087327,115451
2020-06-14,19130,317,-6204,2106457,115768
2020-06-15,20117,448,987,2126574,116216
2020-06-16,24885,769,4768,2151459,116985
2020-06-17,25655,761,770,2177114,117746
2020-06-18,28059,727,2404,2205173,118473
2020-06-19,30836,698,2777,2236009,119171
2020-06-20,32025,546,1189,2268034,119717
2020-06-21,26379,257,-5646,2294413,119974
2020-06-22,30466,360,4087,2324879,120334
2020-06-23,35060,833,4594,2359939,121167
2020-06-24,36989,767,1929,2396928,121934
2020-06-25,41173,2466,4184,2438101,124400
2020-06-26,45528,633,4355,2483629,125033
2020-06-27,42299,511,-3229,2525928,125544
2020-06-28,39508,271,-2791,2565436,125815
2020-06-29,39496,347,-12,2604932,126162
2020-06-30,48389,1300,8893,2653321,127462
2020-07-01,49975,642,1586,2703296,128104
2020-07-02,55559,723,5584,2758855,128827
2020-07-03,57154,591,1595,2816009,129418
2020-07-04,50006,261,-7148,2866015,129679
2020-07-05,44767,262,-5239,2910782,129941
2020-07-06,47316,391,2549,2958098,130332
2020-07-07,54084,958,6768,3012182,131290
2020-07-08,59455,948,5371,3071637,132238
2020-07-09,59889,841,434,3131526,133079
2020-07-10,68227,828,8338,3199753,133907
2020-07-11,60721,675,-7506,3260474,134582
2020-07-12,57805,395,-2916,3318279,134977
2020-07-13,61567,425,3762,3379846,135402
2020-07-14,65602,954,4035,3445448,136356
2020-07-15,68342,971,2740,3513790,137327
2020-07-16,75687,958,7345,3589477,138285
2020-07-17,70923,901,-4764,3660400,139186
2020-07-18,62451,775,-8472,3722851,139961
2020-07-19,62275,412,-176,3785126,140373
2020-07-20,59888,531,-2387,3845014,140904
2020-07-21,65277,1127,5389,3910291,142031
2020-07-22,69739,1136,4462,3980030,143167
2020-07-23,70006,1116,267,4050036,144283
2020-07-24,73525,1146,3519,4123561,145429
2020-07-25,66776,884,-6749,4190337,146313
2020-07-26,54217,440,-12559,4244554,146753
2020-07-27,59181,1696,4964,4303735,148449
2020-07-28,63116,1327,3935,4366851,149776
2020-07-29,66782,1396,3666,4433633,151172
2020-07-30,68948,1261,2166,4502581,152433
2020-07-31,69088,1429,140,4571669,153862
2020-08-01,56828,1055,-12260,4628497,154917
2020-08-02,50794,420,-6034,4679291,155337
2020-08-03,47484,608,-3310,4726775,155945
2020-08-04,53549,1356,6065,4780324,157301
2020-08-05,53723,1253,174,4834047,158554
2020-08-06,57514,1071,3791,4891561,159625
2020-08-07,61157,1356,3643,4952718,160981
2020-08-08,55240,966,-5917,5007958,161947
2020-08-09,48480,539,-6760,5056438,162486
2020-08-10,47173,537,-1307,5103611,163023
2020-08-11,53357,1451,6184,5156968,164474
2020-08-12,54278,1478,921,5211246,165952
2020-08-13,54061,1213,-217,5265307,167165
2020-08-14,59477,1176,5416,5324784,168341
2020-08-15,50743,1059,-8734,5375527,169400
2020-08-16,42137,514,-8606,5417664,169914
2020-08-17,37523,535,-4614,5455187,170449
2020-08-18,43233,1349,5710,5498420,171798
2020-08-19,43013,1295,-220,5541433,173093
2020-08-20,46029,1043,3016,5587462,174136
2020-08-21,49029,1161,3000,5636491,175297
2020-08-22,45026,950,-4003,5681517,176247
2020-08-23,32333,446,-12693,5713850,176693
2020-08-24,40404,504,8071,5754254,177197
2020-08-25,39183,1213,-1221,5793437,178410
2020-08-26,45319,1193,6136,5838756,179603
2020-08-27,45612,1126,293,5884368,180729
2020-08-28,46564,1010,952,5930932,181739
2020-08-29,44609,871,-1955,5975541,182610
2020-08-30,33429,374,-11180,6008970,182984
2020-08-31,36487,488,3058,6045457,183472
2020-09-01,44049,1091,7562,6089506,184563
2020-09-02,32444,1076,-11605,6121950,185639
2020-09-03,46397,1078,13953,6168347,186717
2020-09-04,52101,980,5704,6220448,187697
2020-09-05,42253,712,-9848,6262701,188409
2020-09-06,29998,411,-12255,6292699,188820
2020-09-07,25166,263,-4832,6317865,189083
2020-09-08,28942,458,3776,6346807,189541
2020-09-09,33332,1175,4390,6380139,190716
2020-09-10,38061,915,4729,6418200,191631
2020-09-11,47567,1227,9506,6465767,192858
2020-09-12,39104,701,-8463,6504871,193559
2020-09-13,33343,399,-5761,6538214,193958
2020-09-14,36887,450,3544,6575101,194408
2020-09-15,39217,1281,2330,6614318,195689
2020-09-16,39268,997,51,6653586,196686
2020-09-17,45310,849,6042,6698896,197535
2020-09-18,48887,949,3577,6747783,198484
2020-09-19,41811,670,-7076,6789594,199154
2020-09-20,36356,213,-5455,6825950,199367
2020-09-21,54952,430,18596,6880902,199797
2020-09-22,37391,941,-17561,6918293,200738
2020-09-23,41549,1090,4158,6959842,201828
2020-09-24,45204,885,3655,7005046,202713
2020-09-25,54581,853,9377,7059627,203566
2020-09-26,42695,769,-11886,7102322,204335
2020-09-27,37298,267,-5397,7139620,204602
2020-09-28,37360,350,62,7176980,204952
2020-09-29,43697,926,6337,7220677,205878
2020-09-30,42058,974,-1639,7262735,206852
2020-10-01,46418,847,4360,7309153,207699
2020-10-02,53580,865,7162,7362733,208564
2020-10-03,47779,709,-5801,7410512,209273
2020-10-04,35063,333,-12716,7445575,209606
2020-10-05,62413,429,27350,7507988,210035
2020-10-06,42862,721,-19551,7550850,210756
2020-10-07,53017,996,10155,7603867,211752
2020-10-08,56382,928,3365,7660249,212680
2020-10-09,58962,915,2580,7719211,213595
2020-10-10,51648,592,-7314,7770859,214187
2020-10-11,44783,419,-6865,7815642,214606
2020-10-12,48016,351,3233,7863658,214957
2020-10-13,54393,826,6377,7918051,215783
2020-10-14,59853,1009,5460,7977904,216792
2020-10-15,65353,793,5500,8043257,217585
2020-10-16,70464,891,5111,8113721,218476
2020-10-17,52761,678,-17703,8166482,219154
2020-10-18,47882,387,-4879,8214364,219541
2020-10-19,65440,517,17558,8279804,220058
2020-10-20,60594,929,-4846,8340398,220987
2020-10-21,64237,1208,3643,8404635,222195
2020-10-22,75130,828,10893,8479765,223023
2020-10-23,85297,930,10167,8565062,223953
2020-10-24,78579,872,-6718,8643641,224825
2020-10-25,59715,339,-18864,8703356,225164
2020-10-26,74638,537,14923,8777994,225701
2020-10-27,74387,983,-251,8852381,226684
2020-10-28,81882,1018,7495,8934263,227702
2020-10-29,90669,1004,8787,9024932,228706
2020-10-30,99868,968,9199,9124800,229674
2020-10-31,84207,838,-15661,9209007,230512
2020-11-01,74195,428,-10012,9283202,230940
2020-11-02,94006,540,19811,9377208,231480
2020-11-03,92416,1130,-1590,9469624,232610
2020-11-04,108078,1616,15662,9577702,234226
2020-11-05,121349,1108,13271,9699051,235334
2020-11-06,132823,1248,11474,9831874,236582
2020-11-07,125931,1007,-6892,9957805,237589
2020-11-08,103413,464,-22518,10061218,238053
2020-11-09,130449,745,27036,10191667,238798
2020-11-10,139750,1464,9301,10331417,240262
2020-11-11,142878,1431,3128,10474295,241693
2020-11-12,163651,1172,20773,10637946,242865
2020-11-13,181496,1390,17845,10819442,244255
2020-11-14,159033,1210,-22463,10978475,245465
2020-11-15,135186,623,-23847,11113661,246088
2020-11-16,166563,796,31377,11280224,246884
2020-11-17,161631,1607,-4932,11441855,248491
2020-11-18,172280,1924,10649,11614135,250415
2020-11-19,187508,1961,15228,11801643,252376
2020-11-20,198859,1957,11351,12000502,254333
2020-11-21,171933,1425,-26926,12172435,255758
2020-11-22,140794,843,-31139,12313229,256601
2020-11-23,179623,1038,38829,12492852,257639
2020-11-24,177858,2209,-1765,12670710,259848
2020-11-25,180590,2313,2732,12851300,262161
2020-11-26,102994,1178,-77596,12954294,263339
2020-11-27,205839,1412,102845,13160133,264751
2020-11-28,151408,1192,-54431,13311541,265943
2020-11-29,136122,818,-15286,13447663,266761
2020-11-30,167658,1270,31536,13615321,268031
2020-12-01,184228,2608,16570,13799549,270639
2020-12-02,201172,2886,16944,14000721,273525
2020-12-03,217738,2856,16566,14218459,276381
2020-12-04,231368,2637,13630,14449827,279018
2020-12-05,205708,2190,-25660,14655535,281208
2020-12-06,171921,1111,-33787,14827456,282319
2020-12-07,204523,1534,32602,15031979,283853
2020-12-08,219714,2821,15191,15251693,286674
2020-12-09,219716,3156,2,15471409,289830
2020-12-10,225225,2941,5509,15696634,292771
2020-12-11,280513,2955,55288,15977147,295726
2020-12-12,207532,2255,-72981,16184679,297981
2020-12-13,184219,1357,-23313,16368898,299338
2020-12-14,200885,1678,16666,16569783,301016
2020-12-15,203153,3025,2268,16772936,304041
2020-12-16,244827,3611,41674,17017763,307652
2020-12-17,237709,3298,-7118,17255472,310950
2020-12-18,251190,2870,13481,17506662,313820
2020-12-19,193905,2561,-57285,17700567,316381
2020-12-20,179911,1429,-13994,17880478,317810
2020-12-21,201518,1963,21607,18081996,319773
2020-12-22,201637,3239,119,18283633,323012
2020-12-23,227763,3412,26126,18511396,326424
2020-12-24,193511,2824,-34252,18704907,329248
2020-12-25,100931,1129,-92580,18805838,330377
2020-12-26,216861,1646,115930,19022699,332023
2020-12-27,152089,1230,-64772,19174788,333253
2020-12-28,189010,1899,36921,19363798,335152
2020-12-29,201030,3628,12020,19564828,338780
2020-12-30,228949,3808,27919,19793777,342588
2020-12-31,231024,3462,2075,20024801,346050
2021-01-01,147248,1920,-83776,20172049,347970
2021-01-02,291610,2373,144362,20463659,350343
2021-01-03,201780,1351,-89830,20665439,351694
2021-01-04,251830,2049,50050,20917269,353743
2021-01-05,235016,3689,-16814,21152285,357432
2021-01-06,255966,3964,20950,21408251,361396
2021-01-07,280334,4113,24368,21688585,365509
2021-01-08,300777,3895,20443,21989362,369404
2021-01-09,251919,3259,-48858,22241281,372663
2021-01-10,208295,1777,-43624,22449576,374440
2021-01-11,226316,2048,18021,22675892,376488
2021-01-12,229977,4406,3661,22905869,380894
2021-01-13,229325,3930,-652,23135194,384824
2021-01-14,239522,3980,10197,23374716,388804
2021-01-15,239853,3749,331,23614569,392553
2021-01-16,202193,3341,-37660,23816762,395894
2021-01-17,170094,1730,-32099,23986856,397624
2021-01-18,141133,1441,-28961,24127989,399065
2021-01-19,186944,2771,45811,24314933,401836
2021-01-20,185488,4380,-1456,24500421,406216
2021-01-21,190482,4135,4994,24690903,410351
2021-01-22,191565,3731,1083,24882468,414082
2021-01-23,167917,3322,-23648,25050385,417404
2021-01-24,129676,1815,-38241,25180061,419219
2021-01-25,156576,1907,26900,25336637,421126
2021-01-26,150638,4098,-5938,25487275,425224
2021-01-27,155770,4102,5132,25643045,429326
2021-01-28,166175,3868,10405,25809220,433194
2021-01-29,164615,3600,-1560,25973835,436794
2021-01-30,133800,2641,-30815,26107635,439435
2021-01-31,113795,1864,-20005,26221430,441299
2021-02-01,141854,1950,28059,26363284,443249
2021-02-02,115256,3611,-26598,26478540,446860
2021-02-03,120183,3843,4927,26598723,450703
2021-02-04,125636,5117,5453,26724359,455820
2021-02-05,129501,3570,3865,26853860,459390
2021-02-06,104947,2662,-24554,26958807,462052
2021-02-07,87281,1301,-17666,27046088,463353
2021-02-08,92982,1583,5701,27139070,464936
2021-02-09,96390,3170,3408,27235460,468106
2021-02-10,94975,3254,-1415,27330435,471360
2021-02-11,105640,3878,10665,27436075,475238
2021-02-12,99627,5463,-6013,27535702,480701
2021-02-13,84652,3372,-14975,27620354,484073
2021-02-14,63780,1081,-20872,27684134,485154
2021-02-15,55272,994,-8508,27739406,486148
2021-02-16,64540,1707,9268,27803946,487855
2021-02-17,70161,2471,5621,27874107,490326
2021-02-18,71791,2625,1630,27945898,492951
2021-02-19,78012,2621,6221,28023910,495572
2021-02-20,69720,1831,-8292,28093630,497403
2021-02-21,55180,1247,-14540,28148810,498650
2021-02-22,59466,1454,4286,28208276,500104
2021-02-23,71913,2328,12447,28280189,502432
2021-02-24,74194,3210,2281,28354383,505642
2021-02-25,77881,2465,3687,28432264,508107
2021-02-26,78318,2176,437,28510582,510283
2021-02-27,62674,1567,-15644,28573256,511850
2021-02-28,50905,1129,-11769,28624161,512979
2021-03-01,56696,1425,5791,28680857,514404
2021-03-02,57644,1306,948,28738501,515710
2021-03-03,66612,2369,8968,28805113,518079
2021-03-04,67282,1949,670,28872395,520028
2021-03-05,65695,2483,-1587,28938090,522511
2021-03-06,56585,1459,-9110,28994675,523970
2021-03-07,40064,676,-16521,29034739,524646
2021-03-08,94513,820,54449,29129252,525466
2021-03-09,55899,1885,-38614,29185151,527351
2021-03-10,58195,1474,2296,29243346,528825
2021-03-11,62387,1524,4192,29305733,530349
2021-03-12,64166,1705,1779,29369899,532054
2021-03-13,49557,1874,-14609,29419456,533928
2021-03-14,37989,569,-11568,29457445,534497
2021-03-15,57164,749,19175,29514609,535246
2021-03-16,54531,1245,-2633,29569140,536491
2021-03-17,58931,1177,4400,29628071,537668
2021-03-18,60470,1558,1539,29688541,539226
2021-03-19,60623,1514,153,29749164,540740
2021-03-20,54425,772,-6198,29803589,541512
2021-03-21,34193,448,-20232,29837782,541960
2021-03-22,54716,648,20523,29892498,542608
2021-03-23,56746,893,2030,29949244,543501
2021-03-24,79903,1590,23157,30029147,545091
2021-03-25,69116,1270,-10787,30098263,546361
2021-03-26,74499,1260,5383,30172762,547621
2021-03-27,60700,780,-13799,30233462,548401
2021-03-28,44515,490,-16185,30277977,548891
2021-03-29,70739,685,26224,30348716,549576
2021-03-30,62234,947,-8505,30410950,550523
2021-03-31,67936,1135,5702,30478886,551658
2021-04-01,77193,957,9257,30556079,552615
2021-04-02,68589,956,-8604,30624668,553571
2021-04-03,64136,753,-4453,30688804,554324
2021-04-04,36823,272,-27313,30725627,554596
2021-04-05,76594,530,39771,30802221,555126
2021-04-06,61972,909,-14622,30864193,556035
2021-04-07,73090,2571,11118,30937283,558606
2021-04-08,80458,1002,7368,31017741,559608
2021-04-09,81582,946,1124,31099323,560554
2021-04-10,64758,704,-16824,31164081,561258
2021-04-11,47977,301,-16781,31212058,561559
2021-04-12,71932,465,23955,31283990,562024
2021-04-13,77321,983,5389,31361311,563007
2021-04-14,75750,935,-1571,31437061,563942
2021-04-15,73694,917,-2056,31510755,564859
2021-04-16,78354,935,4660,31589109,565794
2021-04-17,53874,677,-24480,31642983,566471
2021-04-18,41399,358,-12475,31684382,566829
2021-04-19,70260,485,28861,31754642,567314
2021-04-20,61024,832,-9236,31815666,568146
2021-04-21,62495,840,1471,31878161,568986
2021-04-22,66241,911,3746,31944402,569897
2021-04-23,63784,873,-2457,32008186,570770
2021-04-24,50468,725,-13316,32058654,571495
2021-04-25,33591,282,-16877,32092245,571777
2021-04-26,47335,479,13744,32139580,572256
2021-04-27,51877,713,4542,32191457,572969
2021-04-28,54818,934,2941,32246275,573903
2021-04-29,57582,874,2764,32303857,574777
2021-04-30,58517,860,935,32362374,575637
2021-05-01,44759,715,-13758,32407133,576352
2021-05-02,29632,312,-15127,32436765,576664
2021-05-03,49944,459,20312,32486709,577123
2021-05-04,40955,907,-8989,32527664,578030
2021-05-05,44719,776,3764,32572383,578806
2021-05-06,47694,832,2975,32620077,579638
2021-05-07,47493,812,-201,32667570,580450
2021-05-08,33666,604,-13827,32701236,581054
2021-05-09,22328,246,-11338,32723564,581300
2021-05-10,36557,370,14229,32760121,581670
2021-05-11,34041,693,-2516,32794162,582363
2021-05-12,35483,848,1442,32829645,583211
2021-05-13,38439,780,2956,32868084,583991
2021-05-14,40981,732,2542,32909065,584723
2021-05-15,29050,559,-11931,32938115,585282
2021-05-16,16710,292,-12340,32954825,585574
2021-05-17,29207,384,12497,32984032,585958
2021-05-18,27863,867,-1344,33011895,586825
2021-05-19,28794,675,931,33040689,587500
2021-05-20,29618,654,824,33070307,588154
2021-05-21,29011,696,-607,33099318,588850
2021-05-22,18316,479,-10695,33117634,589329
2021-05-23,14150,189,-4166,33131784,589518
2021-05-24,25628,417,11478,33157412,589935
2021-05-25,22838,700,-2790,33180250,590635
2021-05-26,23386,966,548,33203636,591601
2021-05-27,27747,1341,4361,33231383,592942
2021-05-28,22024,759,-5723,33253407,593701
2021-05-29,11560,339,-10464,33264967,594040
2021-05-30,7442,131,-4118,33272409,594171
2021-05-31,5503,150,-1939,33277912,594321
2021-06-01,22570,506,17067,33300482,594827
2021-06-02,16858,594,-5712,33317340,595421
2021-06-03,19471,616,2613,33336811,596037
2021-06-04,-23999,139,-43470,33312812,596176
2021-06-05,10448,375,34447,33323260,596551
2021-06-06,6153,252,-4295,33329413,596803
2021-06-07,19452,336,13299,33348865,597139
2021-06-08,14185,375,-5267,33363050,597514
2021-06-09,20664,572,6479,33383714,598086
2021-06-10,15799,460,-4865,33399513,598546
2021-06-11,16827,517,1028,33416340,599063
2021-06-12,8279,170,-8548,33424619,599233
2021-06-13,6787,95,-1492,33431406,599328
2021-06-14,15119,210,8332,33446525,599538
2021-06-15,11872,452,-3247,33458397,599990
2021-06-16,14411,424,2539,33472808,600414
2021-06-17,12187,288,-2224,33484995,600702
2021-06-18,12700,469,513,33497695,601171
2021-06-19,7580,169,-5120,33505275,601340
2021-06-20,4063,90,-3517,33509338,601430
2021-06-21,15844,288,11781,33525182,601718
2021-06-22,12761,432,-3083,33537943,602150
2021-06-23,14031,398,1270,33551974,602548
2021-06-24,14695,355,664,33566669,602903
2021-06-25,14963,458,268,33581632,603361
2021-06-26,6791,126,-8172,33588423,603487
2021-06-27,4087,96,-2704,33592510,603583
2021-06-28,15548,161,11461,33608058,603744
2021-06-29,15729,379,181,33623787,604123
2021-06-30,15977,323,248,33639764,604446
2021-07-01,64959,247,48982,33704723,604693
2021-07-02,20436,266,-44523,33725159,604959
2021-07-03,3993,86,-16443,33729152,605045
2021-07-04,2922,37,-1071,33732074,605082
2021-07-05,4591,41,1669,33736665,605123
2021-07-06,27077,317,22486,33763742,605440
2021-07-07,30219,322,3142,33793961,605762
2021-07-08,49233,366,19014,33843194,606128
2021-07-09,35335,407,-13898,33878529,606535
2021-07-10,7758,88,-27577,33886287,606623
2021-07-11,5543,30,-2215,33891830,606653
2021-07-12,35383,273,29840,33927213,606926
2021-07-13,42982,432,7599,33970195,607358
2021-07-14,38055,393,-4927,34008250,607751
2021-07-15,36018,338,-2037,34044268,608089
2021-07-16,52224,357,16206,34096492,608446
2021-07-17,12445,83,-39779,34108937,608529
2021-07-18,9027,37,-3418,34117964,608566
2021-07-19,59182,231,50155,34177146,608797
2021-07-20,62111,300,2929,34239257,609097
2021-07-21,59791,397,-2320,34299048,609494
2021-07-22,65500,362,5709,34364548,609856
2021-07-23,83062,443,17562,34447610,610299
2021-07-24,21590,101,-61472,34469200,610400
2021-07-25,13833,49,-7757,34483033,610449
2021-07-26,93086,273,79253,34576119,610722
2021-07-27,106818,484,13732,34682937,611206
2021-07-28,84961,495,-21857,34767898,611701
2021-07-29,98294,403,13333,34866192,612104
2021-07-30,122674,671,24380,34988866,612775
2021-07-31,29698,144,-92976,35018564,612919
2021-08-01,22894,63,-6804,35041458,612982
2021-08-02,136170,458,113276,35177628,613440
2021-08-03,150311,669,14141,35327939,614109
2021-08-04,112344,725,-37967,35440283,614834
2021-08-05,126972,574,14628,35567255,615408
2021-08-06,168351,849,41379,35735606,616257
2021-08-07,42115,206,-126236,35777721,616463
2021-08-08,36068,131,-6047,35813789,616594
2021-08-09,178691,720,142623,35992480,617314
2021-08-10,162091,1049,-16600,36154571,618363
2021-08-11,155577,338,-6514,36310148,618701
2021-08-12,138709,1022,-16868,36448857,619723
2021-08-13,187392,1086,48683,36636249,620809
2021-08-14,49817,242,-137575,36686066,621051
2021-08-15,43818,177,-5999,36729884,621228
2021-08-16,259493,1016,215675,36989377,622244
2021-08-17,144297,993,-115196,37133674,623237
2021-08-18,164611,1128,20314,37298285,624365
2021-08-19,159752,1734,-4859,37458037,626099
2021-08-20,199606,1532,39854,37657643,627631
2021-08-21,79391,469,-120215,37737034,628100
2021-08-22,40573,185,-38818,37777607,628285
2021-08-23,266147,1359,225574,38043754,629644
2021-08-24,150197,1413,-115950,38193951,631057
2021-08-25,170936,1465,20739,38364887,632522
2021-08-26,187761,2213,16825,38552648,634735
2021-08-27,195911,1774,8150,38748559,636509
2021-08-28,85259,567,-110652,38833818,637076
2021-08-29,42158,280,-43101,38875976,637356
2021-08-30,280403,1725,238245,39156379,639081
2021-08-31,160250,1438,-120153,39316629,640519
2021-09-01,210995,1935,50745,39527624,642454
2021-09-02,175696,2937,-35299,39703320,645391
2021-09-03,191475,1979,15779,39894795,647370
2021-09-04,66054,526,-125421,39960849,647896
2021-09-05,44417,377,-21637,40005266,648273
2021-09-06,76976,515,32559,40082242,648788
2021-09-07,301138,2226,224162,40383380,651014
2021-09-08,184189,2202,-116949,40567569,653216
2021-09-09,170571,3232,-13618,40738140,656448
2021-09-10,176316,2417,5745,40914456,658865
2021-09-11,73926,691,-102390,40988382,659556
2021-09-12,39558,298,-34368,41027940,659854
2021-09-13,285058,1725,245500,41312998,661579
2021-09-14,152696,2656,-132362,41465694,664235
2021-09-15,170195,2581,17499,41635889,666816
2021-09-16,154883,3418,-15312,41790772,670234
2021-09-17,166938,2579,12055,41957710,672813
2021-09-18,68180,824,-98758,42025890,673637
2021-09-19,39956,302,-28224,42065846,673939
2021-09-20,208166,2252,168210,42274012,676191
2021-09-21,129975,2365,-78191,42403987,678556
2021-09-22,147493,2787,17518,42551480,681343
2021-09-23,127864,3155,-19629,42679344,684498
2021-09-24,140011,2749,12147,42819355,687247
2021-09-25,51592,629,-88419,42870947,687876
2021-09-26,34235,302,-17357,42905182,688178
2021-09-27,194789,2381,160554,43099971,690559
2021-09-28,113340,2319,-81449,43213311,692878
2021-09-29,128512,2515,15172,43341823,695393
2021-09-30,116209,2743,-12303,43458032,698136
2021-10-01,125776,2447,9567,43583808,700583
2021-10-02,44222,648,-81554,43628030,701231
2021-10-03,25839,249,-18383,43653869,701480
2021-10-04,172699,2035,146860,43826568,703515
2021-10-05,98602,2028,-74097,43925170,705543
2021-10-06,125955,2530,27353,44051125,708073
2021-10-07,105402,2449,-20553,44156527,710522
2021-10-08,112926,2445,7524,44269453,712967
2021-10-09,37334,513,-75592,44306787,713480
2021-10-10,23039,481,-14295,44329826,713961
2021-10-11,123680,1162,100641,44453506,715123
2021-10-12,111576,2525,-12104,44565082,717648
2021-10-13,106557,2239,-5019,44671639,719887
2021-10-14,88969,2042,-17588,44760608,721929
2021-10-15,98560,2175,9591,44859168,724104
2021-10-16,33541,387,-65019,44892709,724491
2021-10-17,22152,182,-11389,44914861,724673
2021-10-18,122033,1872,99881,45036894,726545
2021-10-19,83683,2137,-38350,45120577,728682
2021-10-20,86622,3006,2939,45207199,731688
2021-10-21,81946,1876,-4676,45289145,733564
2021-10-22,87297,2135,5351,45376442,735699
2021-10-23,29824,449,-57473,45406266,736148
2021-10-24,17102,148,-12722,45423368,736296
2021-10-25,105561,1413,88459,45528929,737709
2021-10-26,87423,1736,-18138,45616352,739445
2021-10-27,94544,2015,7121,45710896,741460
2021-10-28,86185,1782,-8359,45797081,743242
2021-10-29,88723,2020,2538,45885804,745262
2021-10-30,29411,324,-59312,45915215,745586
2021-10-31,18883,157,-10528,45934098,745743
2021-11-01,124570,1151,105687,46058668,746894
2021-11-02,76943,1516,-47627,46135611,748410
2021-11-03,84844,1880,7901,46220455,750290
2021-11-04,83087,1123,-1757,46303542,751413
2021-11-05,91768,2321,8681,46395310,753734
2021-11-06,31939,402,-59829,46427249,754136
2021-11-07,22085,132,-9854,46449334,754268
2021-11-08,126461,1221,104376,46575795,755489
2021-11-09,82979,1716,-43482,46658774,757205
2021-11-10,99062,1636,16083,46757836,758841
2021-11-11,64601,722,-34461,46822437,759563
2021-11-12,129351,2061,64750,46951788,761624
2021-11-13,61397,468,-67954,47013185,762092
2021-11-14,23609,142,-37788,47036794,762234
2021-11-15,148624,1191,125015,47185418,763425
2021-11-16,90486,1446,-58138,47275904,764871
2021-11-17,114357,1618,23871,47390261,766489
2021-11-18,110273,3230,-4084,47500534,769719
2021-11-19,119648,2002,9375,47620182,771721
2021-11-20,41064,325,-78584,47661246,772046
2021-11-21,31372,123,-9692,47692618,772169
2021-11-22,158898,1233,127526,47851516,773402
2021-11-23,92771,1478,-66127,47944287,774880
2021-11-24,119892,1636,27121,48064179,776516
2021-11-25,30853,377,-89039,48095032,776893
2021-11-26,51525,544,20672,48146557,777437
2021-11-27,24679,192,-26846,48171236,777629
2021-11-28,23950,121,-729,48195186,777750
2021-11-29,216312,1874,192362,48411498,779624
2021-11-30,109294,1559,-107018,48520792,781183
2021-12-01,139320,1966,30026,48660112,783149
2021-12-02,138712,1357,-608,48798824,784506
2021-12-03,153245,2161,14533,48952069,786667
2021-12-04,58144,490,-95101,49010213,787157
2021-12-05,34573,161,-23571,49044786,787318
2021-12-06,197444,1342,162871,49242230,788660
2021-12-07,113997,1774,-83447,49356227,790434
2021-12-08,149045,1879,35048,49505272,792313
2021-12-09,123505,1295,-25540,49628777,793608
2021-12-10,165062,2103,41557,49793839,795711
2021-12-11,51345,416,-113717,49845184,796127
2021-12-12,36356,195,-14989,49881540,796322
2021-12-13,202883,1289,166527,50084423,797611
2021-12-14,116859,1734,-86024,50201282,799345
2021-12-15,145276,2093,28417,50346558,801438
2021-12-16,146319,1163,1043,50492877,802601
2021-12-17,171145,2096,24826,50664022,804697
2021-12-18,74663,474,-96482,50738685,805171
2021-12-19,72479,163,-2184,50811164,805334
2021-12-20,302900,1419,230421,51114064,806753
2021-12-21,189471,2088,-113429,51303535,808841
2021-12-22,243692,2086,54221,51547227,810927
2021-12-23,265215,3284,21523,51812442,814211
2021-12-24,183925,1002,-81290,51996367,815213
2021-12-25,58348,99,-125577,52054715,815312
2021-12-26,189714,79,131366,52244429,815391
2021-12-27,543540,1743,353826,52787969,817134
2021-12-28,380712,2496,-162828,53168681,819630
2021-12-29,489064,2101,108352,53657745,821731
2021-12-30,585055,1410,95991,54242800,823141
2021-12-31,446567,1195,-138488,54689367,824336
2022-01-01,161060,273,-285507,54850427,824609
2022-01-02,286637,232,125577,55137064,824841
2022-01-03,1018935,1650,732298,56155999,826491
2022-01-04,885906,2362,-133029,57041905,828853
2022-01-05,704064,2128,-181842,57745969,830981
2022-01-06,759218,1972,55154,58505187,832953
2022-01-07,900170,2684,140952,59405357,835637
2022-01-08,446240,690,-453930,59851597,836327
2022-01-09,315335,401,-130905,60166932,836728
2022-01-10,1433977,1684,1118642,61600909,838412
2022-01-11,769928,2680,-664049,62370837,841092
2022-01-12,880274,2731,110346,63251111,843823
2022-01-13,869415,2287,-10859,64120526,846110
2022-01-14,933326,2991,63911,65053852,849101
2022-01-15,423227,998,-510099,65477079,850099
2022-01-16,337807,410,-85420,65814886,850509
2022-01-17,712051,774,374244,66526937,851283
2022-01-18,1178403,2985,466352,67705340,854268
2022-01-19,851955,3376,-326448,68557295,857644
2022-01-20,748320,2672,-103635,69305615,860316
2022-01-21,825315,3866,76995,70130930,864182
2022-01-22,337384,934,-487931,70468314,865116
2022-01-23,199481,571,-137903,70667795,865687
2022-01-24,1032159,2179,832678,71699954,867866
2022-01-25,510913,2972,-521246,72210867,870838
2022-01-26,684446,3895,173533,72895313,874733
2022-01-27,530264,3091,-154182,73425577,877824
2022-01-28,555775,3879,25511,73981352,881703
2022-01-29,242113,1306,-313662,74223465,883009
2022-01-30,104058,361,-138055,74327523,883370
2022-01-31,661972,2573,557914,74989495,885943
2022-02-01,296405,3582,-365567,75285900,889525
2022-02-02,325029,3631,28624,75610929,893156
2022-02-03,312242,3022,-12787,75923171,896178
2022-02-04,312980,3976,738,76236151,900154
2022-02-05,123767,868,-189213,76359918,901022
2022-02-06,58477,378,-65290,76418395,901400
2022-02-07,348119,2739,289642,76766514,904139
2022-02-08,194496,3358,-153623,76961010,907497
2022-02-09,226349,3570,31853,77187359,911067
2022-02-10,173593,3261,-52756,77360952,914328
2022-02-11,169823,2807,-3770,77530775,917135
2022-02-12,63962,761,-105861,77594737,917896
2022-02-13,34388,472,-29574,77629125,918368
2022-02-14,206324,2586,171936,77835449,920954
2022-02-15,115512,2850,-90812,77950961,923804
2022-02-16,141180,3306,25668,78092141,927110
2022-02-17,103865,3187,-37315,78196006,930297
2022-02-18,109609,2491,5744,78305615,932788
2022-02-19,46211,692,-63398,78351826,933480
2022-02-20,26167,414,-20044,78377993,933894
2022-02-21,55659,760,29492,78433652,934654
2022-02-22,123117,2726,67458,78556769,937380
2022-02-23,84544,3024,-38573,78641313,940404
2022-02-24,73406,2908,-11138,78714719,943312
2022-02-25,85986,2809,12580,78800705,946121
2022-02-26,25222,565,-60764,78825927,946686
2022-02-27,9086,197,-16136,78835013,946883
2022-02-28,107800,1972,98714,78942813,948855
2022-03-01,43583,1933,-64217,78986396,950788
2022-03-02,58146,2348,14563,79044542,953136
2022-03-03,51737,1882,-6409,79096279,955018
2022-03-04,49587,1892,-2150,79145866,956910
2022-03-05,16615,307,-32972,79162481,957217
2022-03-06,6775,212,-9840,79169256,957429
2022-03-07,63052,1686,56277,79232308,959115
2022-03-08,34016,1575,-29036,79266324,960690
2022-03-09,47704,1813,13688,79314028,962503
2022-03-10,38193,1559,-9511,79352221,964062
2022-03-11,44375,1684,6182,79396596,965746
2022-03-12,10922,472,-33453,79407518,966218
2022-03-13,6390,143,-4532,79413908,966361
2022-03-14,49048,-2435,42658,79462956,963926
2022-03-15,48396,1523,-652,79511352,965449
2022-03-16,39396,2033,-9000,79550748,967482
2022-03-17,35986,1208,-3410,79586734,968690
2022-03-18,36469,1043,483,79623203,969733
2022-03-19,12119,332,-24350,79635322,970065
2022-03-20,7853,83,-4266,79643175,970148
2022-03-21,46135,926,38282,79689310,971074
2022-03-22,25669,1030,-20466,79714979,972104
2022-03-23,47087,1355,21418,79762066,973459
2022-03-24,37746,982,-9341,79799812,974441
2022-03-25,33737,832,-4009,79833549,975273
2022-03-26,12055,163,-21682,79845604,975436
2022-03-27,7498,50,-4557,79853102,975486
2022-03-28,42236,910,34738,79895338,976396
2022-03-29,25628,757,-16608,79920966,977153
2022-03-30,45442,1208,19814,79966408,978361
2022-03-31,37777,875,-7665,80004185,979236
2022-04-01,32435,645,-5342,80036620,979881
2022-04-02,11395,137,-21040,80048015,980018
2022-04-03,4927,39,-6468,80052942,980057
2022-04-04,41040,625,36113,80093982,980682
2022-04-05,30893,464,-10147,80124875,981146
2022-04-06,49323,1117,18430,80174198,982263
2022-04-07,35706,708,-13617,80209904,982971
2022-04-08,44105,543,8399,80254009,983514
2022-04-09,13521,272,-30584,80267530,983786
2022-04-10,8185,27,-5336,80275715,983813
2022-04-11,49985,434,41800,80325700,984247
2022-04-12,29034,591,-20951,80354734,984838
2022-04-13,53911,994,24877,80408645,985832
2022-04-14,57463,616,3552,80466108,986448
