beta0,beta1,rho,eta,psi,N,mu_EI,mu_IR,loglik,loglik.se
0.5819207097105533,0.312912150354925,0.9950239019795787,0.3019393827505603,0.643257767630391,9987000.000000017,0.3299999999999994,0.1399999999999991,-1155.0695788151625,0.0254939159871616
0.5325253439004737,0.27336944949598135,0.9885877726020054,0.33515790068139756,0.5551062094513781,9987000.00000003,0.3300000000000001,0.13999999999999965,-1155.1494340626198,0.052465433274315125
0.5549248593521484,0.2731847726616876,0.9793201751378331,0.3324807203165277,0.5389789062493986,9986999.999999978,0.3299999999999999,0.1400000000000004,-1155.3829245758957,0.10731554663051723
0.4229392749032133,0.1965974388628043,0.9952925713660483,0.43999632130312777,0.5744271583421979,9987000.000000002,0.3299999999999999,0.13999999999999987,-1155.3972660053469,0.1352003411237358
0.5362407051804831,0.2713067336611298,0.995316328000675,0.33468992637425377,0.5600583587799915,9987000.000000024,0.3300000000000001,0.1400000000000001,-1155.459927310385,0.08831588072696668
0.43993559110623226,0.21819603816690275,0.9791481111069913,0.4062316888632686,0.6780495670194145,9987000.000000028,0.3299999999999992,0.13999999999999968,-1155.7971525425348,0.05153908315538513
0.5595179175322771,0.2776527135592048,0.9901939944430386,0.3246670975289156,0.6053057932573438,9987000.000000026,0.3299999999999995,0.13999999999999935,-1155.873026905072,0.10950796563214528
0.44709015024134163,0.21593656394369837,0.9966097654873131,0.4104286880387441,0.4997632735934093,9987000,0.33000000000000024,0.14000000000000123,-1155.9146849593749,0.11997334119840081
0.4922961595930414,0.24081248165469843,0.9857372762245165,0.38131394182413214,0.5939866381245018,9987000.000000004,0.3299999999999999,0.14000000000000087,-1156.090502772806,0.018882880825620486
0.5300003478272408,0.25606560039890575,0.9111260824029701,0.350111836911152,0.5901326080219909,9987000.000000007,0.3300000000000007,0.13999999999999987,-1157.8776543733236,0.10142053416202684
0.603096247786918,0.2885214437769044,0.9474722297354776,0.3225357685461005,0.5622056947808852,9987000.00000001,0.32999999999999935,0.13999999999999976,-1157.8931272388888,0.031062574069947932
0.47032089708084684,0.2236196094163441,0.9529304717467677,0.4032236388328144,0.626330371713087,9986999.999999996,0.3299999999999996,0.14000000000000012,-1157.9808481392974,0.023750883230673026
0.48830609483571674,0.24115618044666573,0.980257718086607,0.3717842474597387,0.7162105974851994,9986999.999999987,0.33000000000000057,0.14000000000000018,-1158.0490116228557,0.018116860030007353
0.7172607105159904,0.39123026393865534,0.9565060188900347,0.24683670774216293,0.6796390371535334,9986999.999999993,0.33000000000000007,0.1399999999999998,-1158.115258873022,0.037815082147347426
0.5349319772637013,0.24706358987496188,0.9791680989470046,0.36055569160754597,0.522296306115143,9987000.000000004,0.3300000000000003,0.14000000000000065,-1158.1334477632065,0.19711748696301853
0.7041085031932437,0.35286819119827306,0.9846716652029236,0.27576379379992183,0.5482912661008212,9987000.000000002,0.3299999999999996,0.13999999999999954,-1158.7212708235877,0.019906664834906124
0.4284945729164203,0.21704194904025928,0.9982246338701528,0.42517243189342974,0.6599752069929329,9987000.000000015,0.32999999999999985,0.13999999999999957,-1159.1756953261854,0.016832603872049597
0.48619213772598796,0.2579199994992133,0.9715192050158814,0.3519603260280519,0.7525236173162665,9986999.99999999,0.33000000000000046,0.14,-1159.6939932461264,0.03019351720700618
0.6230593264794407,0.3104955843211044,0.9796173365093722,0.290572759033241,0.6429821001865575,9987000.000000004,0.3300000000000003,0.13999999999999904,-1160.1898205807006,0.11552004077173077
0.7139027460446374,0.3560756760375281,0.9916964612347668,0.2666546826557619,0.6835615069046754,9987000.000000019,0.3299999999999996,0.14000000000000035,-1160.450405780263,0.037722127106599335
0.44464871682542045,0.20783922720372247,0.9597796974587228,0.4377639911908132,0.46184310815417823,9987000.000000011,0.33000000000000074,0.14000000000000037,-1160.48626509052,0.028377354158171934
0.5008826821046546,0.2565528456628434,0.9859551187258121,0.3464623916195905,0.634584531016158,9986999.99999998,0.3300000000000005,0.14000000000000082,-1160.5518994964978,0.10768594385726535
0.41965955431857244,0.19263211121174267,0.9436041035200504,0.4424165940708223,0.5608773275576794,9986999.999999981,0.3300000000000009,0.13999999999999999,-1161.0106521999026,0.2492902397188554
0.5607898194626744,0.25673167982821304,0.9889430584594769,0.3399712038484494,0.5987081898991483,9986999.999999993,0.33000000000000046,0.14000000000000004,-1161.137614440584,0.46841121048832163
0.42704318131690194,0.21536346457469374,0.9630656014553526,0.40703815071657934,0.6028726790875094,9987000,0.3299999999999995,0.13999999999999976,-1161.4171374744715,0.17961907834552432
0.8207768127118139,0.40213824605874,0.9999816610088925,0.2353647461634425,0.5899998110423026,9986999.999999987,0.33000000000000007,0.14000000000000046,-1161.9526764729735,0.298474262096401
0.9017327778224967,0.4797696781694585,0.8877931867080009,0.21319315418810558,0.6574922686801639,9987000.000000013,0.3299999999999993,0.13999999999999974,-1162.1440445903122,0.016288687018488963
0.4498746894745996,0.21552420187744908,0.994402914019395,0.41119096792173454,0.75509586773370585,9987000.000000004,0.3299999999999999,0.13999999999999965,-1162.269734939818,0.016464595269984193
0.6782286356835634,0.3689111716888545,0.966225549472922,0.25381278772627436,0.6932589910780769,9986999.999999993,0.3300000000000017,0.14000000000000012,-1162.2783027271096,0.0745425753532278
0.5302550389579785,0.2464477423470448,0.9423545078083484,0.37492139275189984,0.4550758157419033,9986999.999999994,0.33000000000000024,0.13999999999999985,-1162.4055616941464,0.022184571671009363
0.7732481698671934,0.44658690762842446,0.9783883540054626,0.2346492618129487,0.5826394043132861,9986999.999999989,0.3300000000000009,0.14000000000000096,-1162.9655493674445,0.021942179919054818
0.6623585258643175,0.3248073059985753,0.9953563920936939,0.276093174959457,0.6397920883438968,9987000.00000001,0.330000000000001,0.13999999999999968,-1163.2733729600372,0.23529261439580787
0.6377553460777646,0.34036354089847404,0.9527046678973394,0.27109690086606225,0.6812238109527509,9986999.999999993,0.32999999999999985,0.13999999999999896,-1163.2734653379052,0.10236769528386326
0.5140278508624968,0.28004759457453005,0.9917805617171824,0.3339214402562988,0.5159181942939327,9987000.000000011,0.3300000000000001,0.13999999999999987,-1163.3657347004876,0.09585375471179437
0.5890225042359741,0.2999301855074761,0.9803833584209876,0.3228358569837103,0.6167501982117112,9986999.999999983,0.3299999999999999,0.14000000000000096,-1163.4372155494386,0.02023991998329352
0.80853495576456,0.3847248517168039,0.9290391384217647,0.24939754841964826,0.5387376977144913,9987000.000000007,0.3299999999999987,0.13999999999999949,-1163.958655822652,0.08774002793985373
0.6368272276679456,0.3302840963933918,0.9497106816147673,0.2765023843727881,0.6336058551043873,9986999.999999993,0.33000000000000024,0.1400000000000003,-1163.9707385334518,0.1520880345485284
0.6190687462810288,0.3458197906531444,0.956070254546823,0.2930537184676745,0.5794712468014392,9987000.000000004,0.3299999999999996,0.1400000000000001,-1164.4604090391067,0.02155876951230708
0.5250044918126648,0.24632307619261715,0.9764507290702756,0.3499583256273062,0.6301554388390053,9987000.000000026,0.32999999999999985,0.14000000000000007,-1164.4746898101832,0.19531437401632704
0.5303487537477602,0.2570187174448395,0.9654189007592343,0.36405154646369065,0.6407605834903026,9987000,0.33000000000000046,0.13999999999999974,-1164.535089243307,0.01421546643539666
0.48526476742968044,0.23985215357734418,0.9738071444660328,0.3904757943502865,0.6502048878534362,9986999.999999994,0.33000000000000057,0.1400000000000009,-1164.6896507056815,0.015852489645769057
0.7951160411334446,0.3788587982219998,0.9907407032690461,0.24853498081517947,0.6467229463070767,9986999.999999998,0.33,0.13999999999999957,-1164.7831098042168,0.0643458963893671
0.6963802405629408,0.3995580801404774,0.9552372581018764,0.24766556151665645,0.5395235409602525,9986999.999999965,0.3299999999999995,0.14000000000000015,-1164.9473885268935,0.03132995519240839
0.6337324074421797,0.30520474240018897,0.9988954005219641,0.2909554326239228,0.5840100845411043,9986999.999999994,0.33000000000000046,0.1400000000000005,-1164.9607361537471,0.2422023817603011
0.5463852430994013,0.2782050371484083,0.962310115751406,0.31841857457066125,0.6943190481115078,9986999.999999994,0.33,0.1400000000000001,-1164.9871139081954,0.1216677806385845
0.590539351868358,0.2659707084295092,0.9716229409598247,0.330604945322121,0.6454017903056921,9986999.99999998,0.3299999999999999,0.1400000000000008,-1165.0172302857175,0.060297965732925396
0.6454327573781784,0.34134812273678034,0.9998765708086061,0.2700816055448966,0.5590811387799219,9986999.99999998,0.330000000000001,0.14000000000000026,-1165.2639471258271,0.26927604124270005
0.7995844244987715,0.41264205717659624,0.9638504766462134,0.22570195729773868,0.7075952278066691,9987000.00000002,0.3299999999999995,0.13999999999999982,-1165.342560187612,0.24661677185616301
0.606354256609256,0.27155368635453203,0.997749867085317,0.3243131843895815,0.6335822943576203,9986999.999999978,0.3299999999999997,0.14000000000000035,-1165.6453113120367,0.13686276675952064
0.3920698591235006,0.19928100741480997,0.923797304674139,0.4414804516555749,0.554513333266527,9987000.000000013,0.32999999999999935,0.1399999999999994,-1165.8869842747342,0.13324048402245411
0.6942993321978144,0.33920739959592444,0.9978223104791168,0.2638534842320286,0.6937666369630308,9986999.999999994,0.3300000000000003,0.1400000000000003,-1165.9146456772846,0.195133144708456
0.5015270720145341,0.24263457539914565,0.9870190025040305,0.3547615274638308,0.6585275206304482,9986999.999999998,0.33000000000000035,0.14000000000000046,-1166.0741395468149,0.21423544234747227
0.5108131007731995,0.3036293571626214,0.9967869079238628,0.32082043716072944,0.6453655610458847,9986999.99999996,0.3300000000000008,0.14000000000000032,-1166.4041140144052,0.015289889512858413
0.8501463664736573,0.40867419528401094,0.9717898929150711,0.23207248201295602,0.5429466624637408,9986999.999999987,0.3299999999999995,0.14000000000000032,-1166.498847487059,0.18498986379413832
0.6708235265911076,0.30797654034157185,0.9432837169438018,0.2905119273669788,0.5396206661868,9986999.999999996,0.32999999999999957,0.1399999999999996,-1166.5503582641993,2.2982719657878126
0.617073765626344,0.36199442859818154,0.9754052327300077,0.26768136756305905,0.6325058449967672,9986999.999999994,0.3300000000000009,0.1400000000000008,-1166.9273499456856,0.03121559411058501
0.7054306607879597,0.3700044348603245,0.9700545403212487,0.24899010702329671,0.621301074972011,9987000.000000024,0.3300000000000001,0.1399999999999999,-1167.191229019455,0.18132084907868026
0.4636530903374534,0.2662847905136872,0.9928619720072824,0.35518196586441464,0.5820820001549551,9987000.000000006,0.33000000000000007,0.1399999999999999,-1167.2437987436635,0.025956856105201074
0.5358421788020058,0.27994522419506274,0.9911788484809133,0.32215858941171094,0.5453102400752627,9987000.000000022,0.3299999999999993,0.13999999999999962,-1167.464989224381,0.29694683956864953
0.687207212092552,0.39750438518367975,0.8844474115624316,0.2496724801880114,0.586788051034892,9987000.000000022,0.3299999999999997,0.1399999999999994,-1168.0764888885444,0.029139545718174946
0.5313260702546958,0.22687215837601082,0.9892310632943798,0.38273430833790056,0.5420846130591507,9986999.999999996,0.3300000000000011,0.14000000000000065,-1168.6303555912202,0.1517979551631742
0.5890679305531729,0.311819984841547,0.9818227544864008,0.289227973226354,0.638402904041373,9987000.000000006,0.3299999999999998,0.13999999999999907,-1168.6814392329402,0.40873873612288086
0.6413203328869033,0.2866913044223059,0.9981718993247485,0.3170843848834048,0.6245085030977542,9986999.999999959,0.3300000000000005,0.14000000000000035,-1169.0422875341737,0.0390051800789118
0.7175869785358379,0.3795741648008605,0.9978081774542369,0.2408805450187388,0.6804628175043331,9987000.000000024,0.330000000000001,0.1399999999999998,-1169.229588315799,0.20730175187740482
0.8379866271672323,0.4047769419349173,0.9931597143734593,0.24147243892554157,0.670975399736382,9987000.000000002,0.3299999999999998,0.13999999999999965,-1169.342508569278,0.01869300686120604
0.5017803931809277,0.21984539239202383,0.8499784599840984,0.4113524041381232,0.5888175318452196,9986999.999999985,0.33000000000000057,0.14000000000000057,-1169.543413229865,0.027325569452959643
0.5000631191487779,0.21273148074585063,0.9791093543700511,0.3999401811620138,0.6557547378765838,9987000.000000015,0.33000000000000035,0.13999999999999982,-1169.6592873252605,0.06164084750308959
0.565229877208453,0.24569142512381092,0.9980610230006716,0.36348119138802315,0.5682579318885096,9987000.000000007,0.3299999999999999,0.13999999999999982,-1169.8489311457934,0.020811422799295116
0.5331565989384922,0.23351426784642262,0.973323074688491,0.38561755810710524,0.5742895000236546,9987000.000000015,0.33000000000000024,0.14,-1170.1468115236053,0.03455642537337903
0.7037470476006897,0.33160105124387457,0.9621484575420322,0.2696503867172654,0.578591907636969,9986999.999999987,0.3300000000000007,0.13999999999999976,-1170.1694484949514,0.4884029191496507
0.5437465704168449,0.23035101417349302,0.9325765934632675,0.3782415692030926,0.5981937249498991,9986999.999999983,0.33000000000000074,0.13999999999999985,-1170.3430723365484,0.07957765822003278
0.41023827305574206,0.18350850350820322,0.9797844508072484,0.4911967648747145,0.492023325114898,9987000,0.3299999999999992,0.13999999999999943,-1170.5168687010412,0.02046433601770605
0.8900552268657077,0.5212809961905169,0.893170992129572,0.1939599027216742,0.6071269939912041,9987000.000000011,0.33000000000000007,0.14000000000000007,-1170.8492360636826,0.06682384370685147
0.604206628936273,0.2619974390789308,0.9605549428116389,0.3313364889965501,0.6454441941004786,9986999.999999987,0.3300000000000001,0.13999999999999987,-1171.2288862769904,0.1474385091827822
0.6867984035612187,0.3613000235872279,0.9383780529275317,0.2527300737868179,0.6701760642907864,9986999.999999952,0.3300000000000011,0.14000000000000135,-1171.5240016838388,0.15572462821796285
0.38928344109454444,0.20861924498563972,0.9827751916417107,0.4295129605017559,0.5270565897314156,9987000.000000024,0.3299999999999995,0.13999999999999974,-1172.3017821126662,0.14694140743275483
0.5044947229428395,0.21294692306798135,0.9932147961158343,0.4070989740936835,0.6326916442549676,9987000.000000019,0.3299999999999994,0.13999999999999957,-1172.6931367287325,0.03589702455861687
0.45649996687136085,0.239453579343997,0.9971853895531273,0.3630676756106516,0.6860181486137785,9987000.000000004,0.33000000000000007,0.14000000000000107,-1172.8415076304204,0.3482367482669731
0.4390977731624929,0.1855234343545719,0.9874195049322146,0.4384183540609178,0.6050044457280335,9987000.000000017,0.32999999999999935,0.13999999999999985,-1173.166924883749,3.0865461977177726
0.5252754328696884,0.23737850268779495,0.953723331256532,0.3865473693824285,0.6441227152272998,9987000.000000013,0.3299999999999993,0.13999999999999974,-1173.2747621002673,0.014482754009861014
0.7093504699778121,0.33493614789279963,0.9509406334803158,0.2845049096068795,0.7172597864252076,9986999.99999998,0.3300000000000005,0.14000000000000062,-1173.429038656937,0.010422153724971264
0.38108630098838814,0.19696902936013885,0.9922412438839866,0.43798227092638486,0.6063200373497477,9986999.99999999,0.3299999999999991,0.1399999999999996,-1173.7397700351949,0.17545401312757447
0.713972464916037,0.4100481454702036,0.9865467318098852,0.25783927000135604,0.46805614238965243,9986999.999999998,0.32999999999999957,0.13999999999999999,-1173.942229020835,0.02248084708175449
0.45410834961312674,0.25230302358233947,0.9806496028527318,0.36417883777566473,0.541946049239228,9987000.000000043,0.3299999999999996,0.13999999999999985,-1174.4824990263762,0.07346985479164414
0.5983717137731349,0.2674820946893796,0.9855074710859942,0.31836098041543076,0.656247615500134,9987000.000000011,0.3299999999999997,0.13999999999999957,-1174.783172485472,0.34878686401139575
0.6472681292783504,0.27718526129540877,0.9645098235031271,0.3183435856442037,0.5232741677270901,9987000.000000026,0.3299999999999995,0.13999999999999935,-1174.8090348503956,0.7978376944106234
0.51790922506074,0.2122266100885407,0.9956988727193973,0.40075368448652166,0.562981489296111,9987000,0.32999999999999957,0.13999999999999962,-1175.3129669380105,0.13810736300565377
0.5096428075793834,0.29673621489944235,0.973814630516168,0.3131298455915304,0.6759850967442697,9987000.000000041,0.3299999999999991,0.13999999999999885,-1175.881762884238,0.07678440386612949
0.5308577037492616,0.22883994396382623,0.964565674259589,0.39200657365124925,0.6340238045288749,9986999.999999978,0.3299999999999996,0.14000000000000015,-1176.163589800209,0.030158534060208592
0.6697302869857636,0.3008787684311674,0.9118640531338876,0.31945571498614395,0.5255907141941095,9987000.00000001,0.33,0.1400000000000001,-1176.1725875426057,0.01649143617460863
0.45570291230759213,0.1836735740750585,0.9929010752025003,0.4496559096844804,0.6508221241791081,9986999.99999999,0.3299999999999999,0.1400000000000002,-1176.2708153247443,0.0969167169249394
0.757495953236008,0.38058379092420036,0.9814893019489634,0.23763428923617574,0.5970935510440322,9986999.999999993,0.3299999999999992,0.1400000000000001,-1176.5618559820775,1.1396736293994572
0.7996768168591456,0.36713335802784297,0.9963635357836237,0.2456187600613518,0.5849216085164101,9986999.999999983,0.32999999999999985,0.1400000000000002,-1176.626924972778,1.4602606610121156
0.5303075380824186,0.22826517415488234,0.9567701273983363,0.3939917872011089,0.6343699509059513,9987000.000000007,0.32999999999999985,0.14000000000000065,-1177.2576777471754,0.02076129148760577
0.4655171549922938,0.20212637337392506,0.9958282083996355,0.4404177420795258,0.663568275478798,9986999.99999998,0.32999999999999935,0.14000000000000043,-1178.225579129577,0.012652212749987552
0.7534579247110867,0.3725422618619435,0.9996813987667358,0.23918310209720092,0.6318807025275957,9987000.00000003,0.3299999999999991,0.139999999999999,-1178.7159639838758,2.954965586257261
0.5041802551141541,0.21180733559391604,0.9525884754070119,0.3891554984889977,0.6199159762793652,9987000.000000022,0.3299999999999992,0.13999999999999854,-1178.8163157063236,0.42623431045611637
0.5496929194305314,0.23196655383064016,0.9798117570123753,0.3866104339523533,0.48544169945094895,9986999.999999989,0.33,0.14000000000000068,-1178.8700368098828,0.03573843996457865
0.4534455084714113,0.22000906477378054,0.8581927296151691,0.39458753037326477,0.5079922303226806,9986999.999999983,0.33000000000000135,0.1400000000000006,-1178.9426300600642,2.4940802392046693
0.4694863850780961,0.18825704937018672,0.9747780543117421,0.43780483916671575,0.6883898176043288,9986999.99999999,0.3300000000000008,0.14,-1178.9574557609208,0.21927707639377564
0.47860710516803406,0.19756289259464135,0.9960166426095596,0.41416375743312095,0.5919008196602281,9987000.000000006,0.3299999999999993,0.13999999999999885,-1178.9815411137258,0.24677627175513336
0.6724446694797336,0.2962968260177945,0.9883822831448782,0.2900803848919548,0.6480611873239133,9986999.999999996,0.33000000000000057,0.14000000000000043,-1179.646920121695,0.27205867106381965
0.5198430412279534,0.23046641480191338,0.9711156732919699,0.364615180042689,0.5331772221478588,9987000.00000001,0.32999999999999985,0.1399999999999999,-1179.7903119988766,0.7488226059620684
0.5616157160722662,0.253264087276002,0.9991825323262599,0.32977135654489415,0.6910087720308518,9986999.999999978,0.3300000000000005,0.1400000000000011,-1179.9605925153073,0.5914114369717691
0.4045589269641149,0.21818870863394282,0.9722298948801675,0.4054299805907402,0.5821684518180708,9986999.999999994,0.3299999999999989,0.14000000000000012,-1180.0999711161146,0.20652743450045155
0.35312952670287656,0.20721369982665655,0.9682745882846429,0.45356868788000104,0.5655558699589035,9987000.000000022,0.33000000000000024,0.14,-1180.1571512925273,0.03370854797876821
0.6130137115671401,0.35811003217573106,0.9980263814503355,0.26498926276352214,0.581485596299095,9986999.99999997,0.33000000000000074,0.14000000000000085,-1180.1738781306487,0.13019899699409632
0.5788848957382402,0.23666762476962705,0.9548679429741281,0.370633729386914,0.5953901946477214,9986999.999999978,0.33000000000000035,0.13999999999999982,-1180.368595097044,0.03676981205230496
0.8172964867677962,0.36435874909495897,0.9926513984517065,0.2495424148433048,0.7739641730331376,9986999.999999996,0.3299999999999997,0.14000000000000046,-1181.0171424722137,0.09934309727218403
0.5083268303410504,0.2872734672425054,0.9913329443249195,0.3119626348174238,0.7352783437012544,9986999.999999996,0.33000000000000007,0.14000000000000068,-1181.5643858744006,0.14766396088001596
0.36900739537861316,0.1796119265297128,0.9966503502904757,0.4583690253355952,0.6856284675784947,9987000.000000007,0.3299999999999994,0.14,-1181.9574264159476,0.6743348938982487
0.6813778944620403,0.3684986859327703,0.9772452225561249,0.2481814824418149,0.5883152007576496,9986999.99999998,0.33000000000000146,0.14000000000000054,-1182.183743823025,1.8889364503517008
0.6286795413471072,0.30258850873606785,0.9697673744113006,0.28884514464515276,0.5597576434842177,9987000.000000006,0.33000000000000046,0.13999999999999993,-1182.2628429064,0.2994161190349048
0.5904025125271747,0.2851880621169606,0.9696843970964667,0.30643635541322606,0.5005975897534092,9987000.000000017,0.3299999999999998,0.13999999999999949,-1182.4373889140056,1.482495421400228
0.7707524585477444,0.3372930937335539,0.9296920209447009,0.26534069510496094,0.5673159160323914,9987000.00000004,0.32999999999999896,0.13999999999999885,-1182.4674969338778,0.41039515552178213
0.524369510753375,0.221739341774418,0.9940848501616032,0.4071204025617853,0.4965986182121752,9987000,0.3299999999999996,0.1400000000000002,-1183.2827479206114,0.020403828106069402
0.5682571194673723,0.22586419520060225,0.9215174983293938,0.38734003900665914,0.5430147112302695,9987000.00000001,0.33000000000000024,0.1399999999999998,-1184.755140512706,0.032308963549274074
0.44072309314986996,0.24099150392437146,0.982088065929422,0.37178916846555216,0.5480645503992366,9987000.00000001,0.3299999999999994,0.13999999999999962,-1185.200651640272,0.20433178540826194
0.6996143386993798,0.2940179751573426,0.9908966285315275,0.29727963666371615,0.7670186860018064,9987000.000000006,0.33000000000000046,0.14000000000000015,-1185.5200104433459,0.14522610670882277
0.8897563651707548,0.40307614438754535,0.9449554030033533,0.25031302714995435,0.5432475981487915,9987000.000000004,0.33000000000000007,0.13999999999999935,-1185.525089577624,0.043268501977100825
0.5892620448598963,0.23681239051351907,0.9995646777760719,0.36505398907525066,0.531381251251521,9987000.000000028,0.32999999999999935,0.13999999999999932,-1185.8624867529088,0.10709131508657356
0.7254548874850659,0.3222327037129509,0.9788213761814631,0.29920512574231084,0.6098518126223169,9986999.999999978,0.3300000000000005,0.14000000000000087,-1185.9007109808108,0.014076263373872182
0.49621721722412754,0.19169221404006462,0.9661029132037933,0.42777401539358567,0.6456212455432235,9987000.000000019,0.33000000000000035,0.14000000000000065,-1185.9981777563578,0.2253252700104864
0.5320760202525044,0.3360598023551361,0.995007640717995,0.2975971089168279,0.5867267318644711,9987000.000000006,0.32999999999999935,0.13999999999999954,-1186.1122830790475,0.030293888614675593
0.7771310777617118,0.3614851244893401,0.9710687523080455,0.24581511078844653,0.5801001468714746,9987000.00000003,0.3299999999999997,0.13999999999999987,-1186.224209608435,0.4918045517523653
0.6893947512506858,0.27963378109449905,0.9016464375755574,0.31838267795062547,0.5584898397042801,9986999.999999985,0.3299999999999998,0.14000000000000043,-1186.5230842702429,0.13269272475164334
0.5733419069175437,0.26937304389957645,0.9232260822717021,0.3213994432094253,0.49936852422440964,9986999.999999993,0.33000000000000007,0.14000000000000035,-1186.8417444733293,1.1051947386289775
0.6511853277413381,0.26716401413860474,0.931726394850573,0.3209113751688259,0.5510217074715695,9987000.000000006,0.32999999999999907,0.13999999999999982,-1187.0992541264113,0.7200970564970915
0.6331115141437446,0.25475268466637707,0.996719534204312,0.33201772263060103,0.633577137995589,9987000.000000006,0.32999999999999896,0.14,-1187.7997251825163,0.16270780530626858
0.5269098393419175,0.24399398428265517,0.9648620963478922,0.34296832101124797,0.6003326006572023,9986999.999999998,0.32999999999999957,0.14000000000000037,-1187.8883637448844,1.768053369581375
0.7084122228808648,0.29348013326577854,0.9987700199684957,0.3112705533236793,0.5798315389153523,9986999.99999999,0.330000000000001,0.14,-1188.9498730995501,0.0734945230124943
0.5373899993984311,0.24424098567820085,0.9755085950214569,0.3439900982692871,0.5440420504194126,9987000.000000007,0.33000000000000057,0.13999999999999993,-1189.2054842751068,0.2342285068742449
0.6668826368320563,0.2924769216687724,0.9853892792869484,0.3224353563106632,0.6906930784785006,9986999.99999999,0.3299999999999999,0.1400000000000003,-1189.6202472739724,0.020621003910686133
0.34350001619441917,0.19343495290099463,0.9989732539157394,0.45538150887804024,0.6383721501910986,9986999.999999976,0.33000000000000035,0.13999999999999999,-1189.7581366718746,0.1501104770845149
0.5611569065410577,0.24307969822033532,0.991097395748519,0.3837416294949181,0.5826129071966986,9986999.999999993,0.33000000000000057,0.1400000000000007,-1190.4694491722996,0.01890160614813715
0.6225352209802636,0.31321922419702963,0.9177920361602233,0.2772843650475771,0.6842245568935643,9987000.00000002,0.3299999999999993,0.14,-1190.9530555119306,0.5146114757574786
0.5524199311086653,0.31028148316968784,0.9787465505534292,0.2937380598112064,0.5797057222635781,9987000.000000026,0.32999999999999985,0.13999999999999985,-1191.931489093799,0.281072345801837
0.8772643601596337,0.3770561972708684,0.9985283380963654,0.23855124369983172,0.7335952781483431,9986999.999999983,0.33000000000000057,0.14000000000000168,-1191.9490521056346,0.20997249630929346
0.6827491118097829,0.28668057456914314,0.9710557559759705,0.29828270854408573,0.5597911470147483,9987000.000000013,0.3299999999999995,0.13999999999999976,-1192.3618414588689,0.72147660797802
0.4583079826815627,0.28068856749792603,0.9698112072600015,0.34116576755036077,0.5891461181214048,9987000.000000017,0.3299999999999987,0.1399999999999987,-1192.4124959694739,0.04863435264919711
0.5467497646173359,0.20970245473115506,0.9526028966125504,0.3961604097341774,0.7157010222664864,9986999.999999985,0.32999999999999985,0.14000000000000037,-1192.5256861567352,0.08399697034339756
0.3783915618908331,0.18916159672495395,0.9947660998497126,0.45677812756059377,0.4270871482394926,9987000.00000003,0.3299999999999991,0.13999999999999932,-1192.7767898303487,1.387422039033534
0.5566584516060558,0.21582526517373424,0.9810404176132065,0.3942285230329279,0.49528462869900214,9987000.000000002,0.33,0.13999999999999985,-1193.6294792995816,0.5372381662169606
0.6642853760870023,0.2615032662374936,0.9922292940351981,0.33333361548130086,0.6473223317858257,9986999.999999972,0.330000000000001,0.14000000000000165,-1194.09538141241,0.1159893998048867
0.4078468033642235,0.21022159494107034,0.9619864532664275,0.407818228718318,0.5648483952613862,9986999.999999996,0.3299999999999998,0.1399999999999999,-1194.7697081721624,0.7837760655947883
0.736986492435886,0.30252748589205414,0.9885861026729146,0.3057352927153824,0.6179277426382283,9987000.000000015,0.32999999999999896,0.13999999999999976,-1195.001806075616,0.05216809185974701
0.5394818404778192,0.2181014261793481,0.9434539537836337,0.36682623635781797,0.7209478226195651,9986999.999999983,0.32999999999999957,0.14000000000000012,-1195.0164007359542,0.8527745461443846
0.560931124145243,0.24926873019444534,0.9450831078685799,0.3319319221688938,0.6173581152724571,9987000.000000028,0.32999999999999957,0.1400000000000001,-1195.0561436563187,2.3308880738628885
0.5633124252182307,0.2140374499605874,0.990432135961842,0.3891562141970642,0.5515306239984188,9986999.999999978,0.3300000000000009,0.13999999999999982,-1195.0586008266964,1.8838888233035538
0.519594449435892,0.19537813798261774,0.9870210980606017,0.41766643101417067,0.5610913697437168,9987000.00000001,0.32999999999999985,0.14000000000000012,-1195.6468547215825,0.9559250311890309
0.6259905411256623,0.25058906657195795,0.9806760514539677,0.3314792044202824,0.5832120628849216,9987000.00000001,0.3299999999999998,0.1400000000000005,-1196.3050238835322,1.5427587206965092
0.46377453421589354,0.2482721328522465,0.9745079797792441,0.3531310225444656,0.5729261109962379,9987000.000000019,0.32999999999999885,0.14000000000000018,-1196.8971856541796,0.2314757117398798
0.8743596733414137,0.39958746525850475,0.9840190774175103,0.22430026652887938,0.5792030022688021,9987000.000000011,0.3299999999999993,0.1400000000000001,-1196.9137495740044,0.987068172776761
0.9470763301672421,0.4392865648963764,0.9993122412118574,0.20294346821899678,0.7608993168540182,9986999.999999968,0.33000000000000146,0.14000000000000057,-1196.983430378467,1.624164351323103
0.8451691899606382,0.36195283357548147,0.9993187229585762,0.2670948469260694,0.6863582590321181,9986999.999999985,0.33,0.1400000000000003,-1197.6085676613018,0.028651839053848174
0.6129857044660469,0.25166576824068027,0.9951850143081747,0.324131508410672,0.6961045235153199,9986999.999999987,0.33,0.13999999999999954,-1197.885657097992,0.44018330336264505
0.3656747500041964,0.2144267787412081,0.9810352183698141,0.4181817499502173,0.6679920985499488,9986999.999999974,0.33000000000000124,0.1400000000000008,-1197.9412728031562,0.11858319132617638
0.4852933621453979,0.183201629270847,0.9947031408553467,0.4599378041782919,0.6652434935929175,9987000.000000006,0.3299999999999994,0.1400000000000001,-1198.0353339764245,0.049329461538902795
0.4700847718660806,0.21842487425048637,0.9724433666337746,0.3773487323550187,0.5860093435795863,9987000.000000007,0.3299999999999998,0.14000000000000046,-1198.5597995762591,0.4325436255389263
0.733571081214928,0.31086169728805235,0.9942801183902157,0.2699955944564389,0.7249927881391116,9986999.999999996,0.33000000000000057,0.13999999999999985,-1198.9512520148676,0.591867331598204
0.7689845053683306,0.3315890334444752,0.9973694684988039,0.29142911842313335,0.6879436839542867,9987000.000000004,0.3300000000000001,0.1400000000000001,-1198.9663364367623,0.0154166811952711
0.8508512777665778,0.3834716169295455,0.9619481627598911,0.23477671391108462,0.5193567369653349,9987000.000000004,0.33000000000000057,0.1399999999999999,-1199.123240278014,0.6339293162067567
0.7315209343484014,0.2987913266332614,0.9925145584196747,0.30155924195899936,0.8049739627294846,9987000.000000007,0.33000000000000007,0.14000000000000032,-1199.315143353091,0.03163886200274327
0.7688734052856657,0.30737307037220996,0.9791545099131992,0.2939534926509622,0.5603017450384461,9986999.999999989,0.33000000000000096,0.1400000000000006,-1200.0989686513574,0.2281701390389869
0.7796960504283731,0.32020726768380703,0.988078359056535,0.28792326466791573,0.4856984298758143,9987000,0.32999999999999907,0.13999999999999937,-1200.2547770444023,0.14234324996660136
0.7068212801507525,0.28415877377635024,0.9910058926202593,0.30706407154420357,0.8712523282955145,9986999.999999983,0.33000000000000124,0.14000000000000054,-1200.684376672323,0.06610580148382794
0.6488066340718562,0.2492239471035412,0.9690305064509644,0.34716037477858847,0.5369339748186772,9987000.000000022,0.3299999999999998,0.13999999999999999,-1200.8168889061549,0.23245995574561276
0.982931933442605,0.42949056981969697,0.9723875259139675,0.21531409805570703,0.5969255780544149,9987000,0.32999999999999896,0.13999999999999937,-1200.9495095877837,1.7863738898545842
0.8450805480559608,0.3422768636073253,0.9993223987904538,0.2624125289873391,0.6386224040190014,9986999.99999998,0.3300000000000003,0.1400000000000005,-1201.6621281867197,0.4084573224484824
0.6005917461499807,0.3211714821988212,0.9894966556684746,0.3278671455816241,0.655439519154408,9987000.000000015,0.33000000000000046,0.14000000000000004,-1201.7830378291226,0.02036063311413276
0.696447297449017,0.2951270476251327,0.9622170685474802,0.321760010761623,0.7204597249005179,9986999.999999985,0.33,0.1400000000000008,-1201.800504370992,0.019529439598754597
0.5365705395625973,0.19560539908427052,0.9937374948602835,0.41121414157389397,0.6885830031186778,9987000.00000001,0.32999999999999957,0.1399999999999998,-1202.4085526589556,0.257318217785467
0.7003212635830379,0.2683582854255182,0.9325415152459614,0.31936297981657946,0.6568293037689971,9986999.99999999,0.3299999999999993,0.14000000000000076,-1202.6344299165344,0.18364501702666428
0.36110556063028487,0.1946074724344435,0.934560728569896,0.4422627415164298,0.6205518577532597,9987000.000000019,0.3299999999999995,0.1400000000000001,-1203.588366905709,0.5019729989143816
0.7837569340002893,0.3069435437721995,0.9900216410291192,0.28752721078288423,0.6618986201399106,9986999.999999989,0.33000000000000057,0.13999999999999949,-1204.401227771586,0.2243267532755657
0.5049648224556509,0.2529280976020259,0.9362995341003645,0.3392964954700067,0.5471798262877722,9986999.999999983,0.3300000000000005,0.14000000000000018,-1204.5407562538119,0.3999533631185309
1.1045112454729957,0.4858108141392192,0.9393781326116925,0.20243687607217756,0.6207107973772145,9987000.000000004,0.32999999999999985,0.13999999999999985,-1204.8022019057319,0.4739052593058568
0.6365537413012974,0.25755916027110615,0.9910155130768492,0.3605113975638681,0.5949595130567477,9987000.000000011,0.3299999999999994,0.13999999999999954,-1205.4548871034888,0.02751100465257218
1.0265520619013695,0.43729787354551214,0.9696595764404522,0.22530968120955633,0.7264286834087855,9987000.00000001,0.32999999999999985,0.14000000000000035,-1206.2085692637163,0.25400920596167864
0.6425266890425122,0.25466242020032065,0.9994427742157164,0.3578770766684272,0.6580444653436469,9987000.000000015,0.32999999999999957,0.14000000000000037,-1206.3979143037725,0.02629011305830715
0.7334513931011113,0.2822869270133701,0.9821379271489172,0.3103355944980321,0.5680168932890736,9987000.000000028,0.3299999999999995,0.1399999999999996,-1206.9059308670276,0.356267185942061
0.9031104289541525,0.3705375083511472,0.9859327308456338,0.2559989189601328,0.5442138241987592,9987000.000000013,0.33000000000000007,0.14,-1207.8314342806698,0.3914862564198853
0.6463083241929124,0.24747940292955312,0.968679015819372,0.35956767223885056,0.6974149923371777,9986999.999999996,0.33000000000000135,0.1400000000000002,-1207.932327415093,0.036259809546267126
0.446267112356766,0.17911822892647436,0.9853645032027578,0.4366709169011693,0.5816567528784048,9986999.999999976,0.3299999999999998,0.14000000000000096,-1208.1740397867075,0.517177956221985
0.4564735053571248,0.26635379207913695,0.9952812394322998,0.3367527446023048,0.6424174212180168,9987000.000000019,0.32999999999999985,0.13999999999999954,-1208.3840019086344,0.3693300458917072
0.45029527975555905,0.29069533208808856,0.9920630996867321,0.32523178195615066,0.7198927270999617,9986999.999999963,0.330000000000001,0.14000000000000104,-1208.9427790495329,0.26093231989721355
0.9602387047630853,0.40734742609912405,0.9607952462395853,0.22476017866184647,0.5973480289973067,9987000,0.33000000000000024,0.14000000000000018,-1209.2407405724618,0.5068519334234688
0.8895001480656557,0.3753107103061277,0.9695443995810085,0.24013122356680833,0.5365126364341067,9987000.000000004,0.33000000000000057,0.14000000000000004,-1209.6994044792712,0.7747542756126234
0.5511496210754991,0.2300541935752576,0.9875678096015158,0.39991078195972923,0.7718931127909904,9986999.99999999,0.3299999999999999,0.1400000000000002,-1209.716013519827,0.017403281457758577
0.8254233206274465,0.3307443451502889,0.9893003581820748,0.28630985648650603,0.5922789663392952,9987000.000000013,0.3299999999999996,0.14000000000000004,-1209.7807220294974,0.06272906245218711
0.5587562312651566,0.24525433898894639,0.9510420015819867,0.3909203883154278,0.7224924169705087,9987000.00000001,0.3300000000000003,0.14000000000000032,-1210.09706332031,0.014035834158481177
0.6086380055144603,0.22692254247980612,0.9662387391407494,0.35372885628895034,0.6596244281893766,9987000.000000024,0.32999999999999935,0.1400000000000002,-1210.5225130932695,1.972842375355977
0.8704903693133668,0.3445402878680951,0.9716258195971972,0.2672422229758233,0.5800508368749737,9986999.999999981,0.3300000000000007,0.14000000000000007,-1212.618701612218,0.22275752059119133
0.8026480112751486,0.32371852188872136,0.9975542255643366,0.29452643183327804,0.5175857346832516,9987000,0.32999999999999907,0.13999999999999874,-1213.0112204390498,0.07391906012303533
0.3698458772674758,0.20969883521444047,0.9835979639239901,0.41646451768845555,0.6337410595194068,9987000.000000015,0.3299999999999994,0.13999999999999985,-1213.4407989178812,0.28197302710858707
0.5269213471165575,0.19126798711756743,0.9891277962462252,0.4439902144384509,0.7014099078816673,9986999.999999996,0.33000000000000057,0.13999999999999982,-1213.588743765758,0.020587919731158543
0.7232424784562425,0.3260650754117028,0.9427659971231086,0.2660962586196771,0.48303207437415424,9986999.999999994,0.3299999999999999,0.14000000000000062,-1213.6278022607332,1.8670428086282624
0.5445653664367355,0.21253135617451122,0.97028755894656,0.428427500363376,0.5257159792820325,9986999.999999993,0.3300000000000008,0.14000000000000062,-1214.108517123721,0.016082163395735108
0.5048238614801485,0.24840437657947845,0.959079075764284,0.33107626325477113,0.7276216991510582,9986999.999999983,0.33000000000000035,0.1400000000000003,-1214.2062800054537,1.567734710726979
0.5590324172960914,0.20319566388963697,0.9607844047939906,0.42430013413871626,0.5123596580436364,9986999.999999989,0.3299999999999999,0.14000000000000032,-1214.462006126049,0.07931269041719086
0.5799040109972843,0.3297120073128223,0.9952770474800645,0.27591271032466724,0.53375431660753,9987000.000000019,0.3299999999999995,0.13999999999999985,-1214.7235430915218,2.511370830547843
0.9128990095880647,0.3683063202821521,0.9713668258948929,0.2424578938311249,0.6347040918427277,9987000.00000002,0.3299999999999992,0.1399999999999995,-1215.1509979765665,1.3760528634911557
0.6683191002768069,0.25315752056072466,0.9998430078433819,0.3561137580088466,0.6414645059064596,9987000,0.3299999999999995,0.13999999999999976,-1215.3002624086253,0.03851949308903617
0.7979542303281046,0.3013738147162875,0.9534528147882031,0.2839688210525428,0.789070790645357,9987000,0.3299999999999998,0.1399999999999996,-1217.21026652759,0.2550944323185084
0.8766618910523131,0.3573112763441687,0.9798318924954919,0.25287027041188853,0.508932785647253,9987000.000000024,0.3299999999999999,0.1399999999999998,-1217.5097003254953,0.8693304394579978
0.9888090839496624,0.4059058700011711,0.9878461889155693,0.23422205066842394,0.5553986103632406,9987000.000000019,0.3299999999999995,0.13999999999999999,-1217.867127948594,2.225390420520207
0.7951599376948081,0.2962162296552529,0.8434513311376858,0.30271017491290464,0.5938849566808686,9986999.999999998,0.32999999999999985,0.13999999999999982,-1217.908929158021,0.8997370339457601
0.41137383966263896,0.26025350977692197,0.999936039860372,0.3530261564056743,0.7258782282688918,9987000.000000006,0.3299999999999993,0.13999999999999926,-1218.0291821545636,0.22171189370517694
0.6937789749135918,0.26409068513545264,0.9713254735950148,0.34525432370426684,0.7290742476270465,9987000.000000035,0.33000000000000007,0.13999999999999904,-1218.5680025170807,0.025324794565679605
0.7624500598329228,0.28476653245959027,0.9487529494389199,0.3198769740481768,0.610758541036603,9987000.000000004,0.32999999999999957,0.14,-1219.0753133107419,0.22094745289838552
0.44039223141661976,0.17532927168684515,0.9707857150913918,0.4502923100657739,0.4683908341455544,9986999.999999981,0.33000000000000074,0.13999999999999962,-1219.5369525590597,0.9685556350547782
0.3829236006884935,0.23044715447100328,0.9927567316997628,0.39228397991277647,0.6169543671923653,9986999.999999981,0.3299999999999987,0.1400000000000002,-1220.64829270596,0.7736660693811248
0.6112971057483033,0.21798234953572718,0.9891085052758405,0.3935826729268408,0.5641619270736236,9986999.999999998,0.3299999999999997,0.1399999999999999,-1220.9648546702163,0.1098641955544321
0.6621116208744787,0.34847608291749765,0.9977491751705225,0.2514924768679379,0.5855734738059719,9987000.00000001,0.32999999999999896,0.13999999999999904,-1221.1120868385483,1.1685766776208504
0.5068361818176567,0.2011924325511348,0.9414768030561883,0.39661365915871233,0.4870925223413216,9987000.000000013,0.32999999999999907,0.13999999999999896,-1222.6974754210453,0.7807916767871097
0.5439903536424987,0.18668299735384813,0.9506092031913504,0.4514751141280961,0.6037097426893239,9987000.000000007,0.3299999999999999,0.1399999999999996,-1223.695441660469,0.06876629864442227
0.5107280652437545,0.20693740578162287,0.9906238951167828,0.44427294207846707,0.7720268914206307,9986999.999999993,0.3300000000000003,0.14000000000000032,-1224.511990996457,0.012966830319177104
0.7665033226621362,0.28247769331666994,0.9762954161201338,0.31566944029057786,0.5614349076127171,9987000.000000006,0.3299999999999989,0.13999999999999985,-1224.6179796133756,0.35757849240798895
0.6422819801169474,0.31474304784413437,0.9547120061076976,0.27118432761283384,0.5565611474838753,9986999.999999978,0.33000000000000124,0.1400000000000007,-1224.9141537570626,6.130430314841811
0.5337689246200504,0.2912629438011412,0.9996387245421171,0.2996816648571921,0.5876681377222566,9987000.000000024,0.3299999999999993,0.13999999999999943,-1225.564422213256,1.278150712247467
0.5437563326053986,0.1982562879641499,0.9702282365054257,0.39380495330072646,0.5711796418109589,9986999.999999987,0.33000000000000024,0.1400000000000005,-1225.9886131019896,4.304215563584188
0.5638097686745841,0.3399469872487919,0.9832148004182537,0.26890058453888,0.6504472916583605,9986999.999999993,0.3299999999999997,0.13999999999999976,-1226.0099512605027,1.2509503082392168
0.633956640940102,0.2738013454879155,0.993810279504841,0.29963929164400227,0.576184862017631,9987000.000000028,0.3299999999999997,0.13999999999999993,-1226.2774266706288,0.8088273299450841
0.3137800595568795,0.17337699187519368,0.9881142882211812,0.48538850809589673,0.6871145449848213,9986999.999999981,0.3300000000000003,0.1399999999999993,-1226.8083041607265,0.20787077367152934
0.6231983546685107,0.2743587711063201,0.9793624048183385,0.2950588341032131,0.653844870802876,9987000.000000007,0.3300000000000001,0.13999999999999943,-1227.0935627796664,1.2669109296991794
1.0681521850845308,0.46400169782699796,0.9923971314960328,0.19499060604509424,0.6791497776530214,9987000.000000004,0.33000000000000007,0.13999999999999949,-1227.9655164394414,0.7620097352932397
0.663066103661829,0.27013874590292336,0.9577483024029054,0.29673337246963094,0.6817342692779362,9987000.000000004,0.3299999999999991,0.13999999999999943,-1228.182050686736,3.6084471522102057
0.3617138844809745,0.1781472860774315,0.9873449490665256,0.4564698817329835,0.5955688084297169,9986999.999999993,0.33000000000000046,0.13999999999999962,-1228.7106180099552,0.7265146351788698
0.7786733333262293,0.31360762855847435,0.9927497616968795,0.31639609008641817,0.6461509145430845,9987000.000000028,0.3300000000000008,0.14,-1229.1270127664359,0.011125603324987896
0.7111366774240042,0.41372741475905506,0.9641141825075763,0.22006791096279077,0.6544923259695679,9987000.000000017,0.33,0.14000000000000035,-1230.887872415255,1.633413434304902
0.6414519294784996,0.27940445696217475,0.9177373331073032,0.30397587706820506,0.4361666374087893,9987000.000000026,0.3299999999999992,0.13999999999999949,-1231.1731667251438,5.162716422221959
0.7141901222304755,0.26293345173890714,0.9780467504167387,0.34095764739674816,0.4818759059963874,9987000.00000002,0.3299999999999995,0.13999999999999957,-1231.3816158103364,0.3629385006111884
0.9811641402677783,0.38014146136624205,0.9953034186966483,0.24228026523571397,0.683329856417464,9986999.999999989,0.33000000000000035,0.1400000000000004,-1232.0239576778413,0.3443207034450588
0.6585045837519863,0.25418990419778287,0.9891432937156291,0.32208984377794003,0.5167031353086491,9987000,0.33000000000000007,0.13999999999999976,-1232.374546428304,1.0467112260580014
0.5488046706913253,0.2983357558275578,0.9716489124681376,0.29598331280216406,0.5279380644877851,9987000.000000006,0.3299999999999995,0.14000000000000018,-1233.1419836677105,0.47472139010084197
0.44136710393418443,0.24664857549418284,0.9827578433235018,0.3520126685728166,0.6017719316691604,9986999.999999983,0.3300000000000009,0.13999999999999982,-1233.2237701953527,2.1069496645613244
0.6674213308567785,0.22965578000307293,0.9793229753411086,0.36703169104990513,0.570725423020565,9986999.999999983,0.3300000000000003,0.13999999999999999,-1234.130064358003,0.31373938547346997
0.43032652637279295,0.2892095227893089,0.9958084477841466,0.32977804796409715,0.7040792765820749,9986999.99999999,0.3299999999999999,0.1400000000000005,-1235.015524913753,0.18310073860034795
0.7534430077686459,0.3712540222122268,0.9751999907828566,0.23375466355431698,0.5541085903522596,9987000.00000001,0.32999999999999985,0.14000000000000004,-1235.1141258356838,4.782866712244525
0.9967281344468495,0.3928563894309762,0.9772280493466335,0.22998455702546797,0.6635113314220951,9986999.99999998,0.3299999999999997,0.1399999999999999,-1235.2372746502056,1.1177996851858798
0.5159041865274971,0.25070698736597585,0.9619559067278118,0.33464886235842217,0.5101599123116685,9986999.999999966,0.33000000000000046,0.14000000000000093,-1235.2992366369917,1.6498130874562271
0.5617316289925919,0.21199603574234352,0.9288426084810107,0.37144659494306154,0.5467773257648432,9987000.000000007,0.3299999999999999,0.13999999999999974,-1235.632829138272,1.1139137546065057
0.5597993493128526,0.3462436454378876,0.988950900028174,0.2763775378890266,0.5060590891150267,9986999.999999966,0.3300000000000008,0.14000000000000107,-1235.7375909487607,0.18717457284430786
0.43667840790619983,0.2683621404632134,0.9210117318285882,0.3497256981831743,0.5459964871356118,9986999.999999993,0.33000000000000046,0.13999999999999985,-1236.3840187975943,0.44437357385180487
0.7754034880585692,0.2776929087514892,0.9865855983677579,0.3218788176654993,0.5834032013810746,9986999.999999996,0.32999999999999935,0.13999999999999935,-1236.4127486635966,0.17557967022278265
0.7345666561633,0.26205941622971485,0.9938234372398699,0.3242452396571723,0.5510955940993002,9987000.000000007,0.32999999999999985,0.1399999999999994,-1236.506960371844,1.1866769002076347
0.9020536718468897,0.37394911517990104,0.9967932933490499,0.22926381117189748,0.6326101944132156,9987000.00000002,0.3300000000000001,0.13999999999999943,-1239.8919204597187,0.6845597170509781
0.3635868445338234,0.17983236383108045,0.9907173664652208,0.4491874446721979,0.6099995775322955,9987000.000000013,0.3299999999999997,0.13999999999999982,-1241.531546547489,1.0707077513571939
0.6199903513599853,0.30602690878517297,0.9981534108959697,0.2754433319763021,0.5719650508895505,9987000.000000002,0.3299999999999995,0.13999999999999937,-1243.9217094133592,1.5572427843423826
0.6716342245323129,0.22376506413269415,0.9973898722742778,0.36484724718088024,0.5848369756802094,9987000,0.32999999999999907,0.13999999999999949,-1248.5473645657876,0.7851077477264594
0.3126265424749839,0.1918859591505809,0.9933816590598309,0.46750919359877713,0.606250398638877,9986999.999999966,0.3299999999999995,0.1400000000000001,-1249.362426080046,0.41257604683004095
0.4941808237885617,0.3082882576350996,0.9988004414841442,0.2975869910395389,0.6253851048873276,9987000.000000002,0.33000000000000007,0.14000000000000035,-1250.2975901188738,0.28052352687521526
0.9334805653615276,0.34880282821235375,0.9179715860244488,0.25338412840190927,0.6176019229985942,9987000.00000001,0.3299999999999995,0.13999999999999976,-1250.9377018642695,1.018840634212916
0.9078145328789424,0.3238481558097545,0.9493473639358794,0.28734676182292596,0.6709167733643213,9987000.000000026,0.3299999999999996,0.1399999999999999,-1251.7848213083716,0.3439224290906853
0.7367541367220624,0.2455939655364224,0.9881182295186064,0.3553120801395646,0.6305350819375573,9987000.000000007,0.3300000000000005,0.14000000000000062,-1253.436043738602,0.21635184443651898
0.5445912019145784,0.23585698681454095,0.973441444776801,0.33284319536393303,0.6464366482107797,9986999.999999981,0.32999999999999957,0.13999999999999935,-1253.7776033867656,13.069892842894571
0.8073097035008754,0.29395647038320366,0.9762568732973265,0.2938410297300342,0.49993779278781014,9986999.999999998,0.32999999999999985,0.14000000000000004,-1254.5461647630075,1.8382638066149923
0.53289646933784,0.3697564490351482,0.9769135014875531,0.264205147347182,0.6824067839420592,9986999.999999993,0.3300000000000001,0.13999999999999937,-1256.6351205713024,0.3409045046775021
0.4426164515702977,0.20508202612014084,0.978362210489951,0.392691568682476,0.5086330945707626,9987000.000000011,0.3299999999999997,0.13999999999999962,-1257.44647616485,10.908164975308901
0.7887274583183068,0.2775681126425419,0.984761662621526,0.31301352800656757,0.5136914148710189,9987000.000000011,0.32999999999999985,0.13999999999999999,-1258.3292644492026,1.0389670131719941
0.8479760448852517,0.2890456463148711,0.8625343591864056,0.32059896587794523,0.640583602276097,9987000.000000013,0.3299999999999985,0.1399999999999995,-1258.3745015081995,0.37047802554721654
0.6237709404246357,0.20219934023746383,0.9926523638867059,0.4278334410934579,0.5831213855315329,9986999.999999968,0.3300000000000003,0.1399999999999994,-1258.5079255751455,0.09532431892493885
0.3744915514569767,0.19716841620616832,0.9020872571941515,0.43266490875310404,0.49048619448987874,9986999.999999998,0.3299999999999995,0.13999999999999985,-1259.090056698574,1.3313078654272064
0.6052583199346148,0.2420530170734037,0.9705069565037406,0.32634835089510844,0.5746933652767943,9986999.999999981,0.3300000000000008,0.13999999999999962,-1261.7270194605303,0.8504097353067815
0.45834423018791776,0.23722600224539336,0.9528270176454485,0.35351217541164015,0.5512375792838157,9987000.000000006,0.3300000000000005,0.14000000000000007,-1261.9343415032308,1.685444266490427
0.8139180763598944,0.2751349825044693,0.9443953786482648,0.3117124827369668,0.6246351026148365,9986999.999999994,0.33,0.14000000000000043,-1262.1092173132186,0.5218561701486298
0.5226162528898527,0.35320843201004287,0.9719710407092484,0.27909497052060506,0.5679885588703367,9986999.999999976,0.3299999999999998,0.13999999999999976,-1262.6902664945098,0.332193045809233
0.6327452826702871,0.19149233267259327,0.9788558187799536,0.43476097446903006,0.6993141909532012,9986999.999999978,0.33000000000000096,0.13999999999999999,-1267.462974636889,0.09737281307117615
1.067619238328128,0.44504080726388323,0.9523032557023718,0.20522706125459333,0.5574515012598626,9987000.000000011,0.3299999999999997,0.14000000000000007,-1268.0774870765229,0.5310652725218645
0.7680056917653729,0.2904580954812088,0.9858597121147281,0.3474929460311601,0.4820240616037692,9986999.999999976,0.33000000000000046,0.13999999999999962,-1269.1938934280527,0.038738381901692875
0.7179982227126183,0.24393145854159784,0.9481507066123701,0.3932953237004275,0.6150263833962898,9987000,0.33000000000000057,0.14000000000000018,-1269.3855816532614,0.03715768768220377
0.6607506368330766,0.3902268447248896,0.995280691818979,0.23255100922238967,0.5693481655242023,9986999.999999987,0.3300000000000008,0.14000000000000082,-1270.5534383181669,0.6630131231339083
0.44506176305277234,0.25909714468795614,0.9936174296883142,0.3349885378633959,0.6238559971208457,9987000.000000043,0.32999999999999957,0.13999999999999962,-1272.8698064050682,0.4451919013483367
0.4140604053097754,0.20333639140778367,0.9349245007610586,0.39942331100138295,0.5449550423974114,9987000.000000017,0.33,0.13999999999999904,-1273.1384709977006,3.739702621480332
0.43899503622367464,0.20055395543834784,0.9964081855157244,0.3914020379702659,0.6056377025517294,9986999.999999965,0.3300000000000007,0.14,-1274.1479611218879,1.3809704778409566
0.8623374415759523,0.2941695231527909,0.9725138460164504,0.3234298932781783,0.5967232321173154,9986999.999999976,0.3300000000000003,0.13999999999999957,-1274.6131278029377,1.8105539885595063
0.8912959917104181,0.37365263751247035,0.9982009352780141,0.2264077582834679,0.5646643121989523,9987000.000000026,0.3299999999999998,0.139999999999999,-1275.7568412046314,1.8741436421653792
0.396998909151321,0.21117928064550887,0.9383595483171356,0.387272398685359,0.6902688115036028,9986999.999999957,0.33000000000000035,0.14000000000000068,-1275.9537772563206,1.5160414689459711
0.6131228949036202,0.3157101685005345,0.9441072638614015,0.27594385982411446,0.456478135158033,9986999.999999974,0.3300000000000003,0.14000000000000082,-1277.2410500616843,0.5701984606524851
0.9857444778256925,0.3456146565528697,0.9590293195925464,0.27491939382843794,0.6693524846232757,9987000.000000002,0.33,0.13999999999999935,-1278.674950980041,0.5875969634261169
0.6835758563146811,0.2691864516027068,0.9959087845988147,0.28663130771322515,0.7543309120712729,9987000.00000001,0.32999999999999885,0.14000000000000046,-1281.7419450016134,1.1723414346713743
0.711227026775293,0.22957131170495282,0.9664553434310938,0.40032511690097616,0.5464187791745873,9987000.000000004,0.33000000000000007,0.13999999999999974,-1282.795637759627,0.1122499209838147
1.0151249639884676,0.37005904712374066,0.9895292289090363,0.2531566251997754,0.5664550827554372,9986999.999999987,0.3300000000000008,0.14000000000000085,-1285.4233323817657,0.6891818357054904
1.0475744570703827,0.3799285486474012,0.9842462920414641,0.24881120942225182,0.5784154316756175,9987000.000000006,0.32999999999999957,0.1399999999999992,-1285.4561034664575,5.507014026280064
0.495599953621468,0.29615773424514913,0.9947398535571602,0.29653085729260037,0.639201790220838,9986999.999999989,0.3300000000000012,0.1400000000000003,-1286.2305016536754,0.699414923166455
0.9139881409090982,0.3065784436536806,0.9417686060788251,0.30137008169260165,0.6305263747655491,9987000.000000002,0.3299999999999993,0.14000000000000043,-1286.6117142655457,0.7592816053760465
0.45019027991630234,0.28823669055573314,0.9989067385319198,0.32980810421906087,0.4856375250956266,9987000.00000002,0.32999999999999957,0.14,-1287.430791054462,0.8003422602333943
0.40152667978234413,0.23493167159168038,0.9778247902335855,0.36891583324278004,0.6032478631692666,9986999.999999978,0.33000000000000035,0.14000000000000026,-1287.513758937461,0.612877960164467
0.36143487667742796,0.2291918169939094,0.9693476131041963,0.396338352061956,0.5911444969171861,9986999.99999999,0.3299999999999987,0.13999999999999968,-1289.542739679233,1.056229092250186
0.8402450153927132,0.28586904066456814,0.9742610718057797,0.29797059004660315,0.538707548941147,9986999.999999989,0.3300000000000005,0.1399999999999995,-1291.3851073827384,0.922837865820395
0.4087025356792357,0.19439598046383677,0.9953514994826755,0.4006375565460644,0.6719548522851766,9987000.000000006,0.33000000000000074,0.1400000000000005,-1292.1443133453565,6.35378416046741
0.4130259513162786,0.21476547854695852,0.9970421403021573,0.37728565203135367,0.6390182137223749,9986999.999999989,0.33000000000000057,0.1400000000000003,-1295.1794507895806,1.6865054719587038
0.8282907166572313,0.26221851862043666,0.9959211812569413,0.3205222827806714,0.6385055476357616,9986999.999999965,0.3299999999999995,0.13999999999999999,-1295.545934674988,2.203852445086681
0.3010158629481365,0.17333055134257874,0.9602906349735583,0.48934978143325714,0.6041377809697626,9987000.000000007,0.3299999999999991,0.13999999999999962,-1295.8875116457748,0.9493212449316475
0.3653628240599718,0.22555641233216775,0.8775827407273048,0.4018556590040926,0.5571436781790133,9987000.00000001,0.3299999999999996,0.1399999999999999,-1297.7931551140625,4.416630802310629
0.5653759254818547,0.18654760512512256,0.9745379410163826,0.4046446246146649,0.5169502027808529,9986999.999999989,0.3300000000000008,0.14000000000000068,-1298.800256403163,0.5539282587867088
0.4931670533684958,0.3203090110955134,0.9865056205355245,0.2939080487481692,0.5329476598178431,9986999.999999955,0.3300000000000001,0.1399999999999995,-1302.814304625763,3.9368496152673913
0.46276281511684925,0.2863713817535307,0.9963355696983531,0.31324484028877103,0.5845424576272209,9986999.999999972,0.3300000000000005,0.1399999999999999,-1305.568780675617,0.5734243759962525
0.4939502643672558,0.320121975605967,0.9527879962789877,0.2815435438133782,0.7142403782195526,9987000.000000007,0.32999999999999957,0.13999999999999987,-1306.20790958463,1.2790163455852088
0.6808187982583263,0.19224045360723713,0.972705388480717,0.44154960919608083,0.6443761830359935,9986999.99999999,0.33000000000000057,0.14000000000000004,-1307.5955222579112,0.7744698490484155
0.3858065405443524,0.2086223433114763,0.8966763544278736,0.411702889434663,0.451852391583248,9987000.000000022,0.32999999999999774,0.13999999999999907,-1310.3884159357021,5.311166832502596
0.5932607230694142,0.364868548814218,0.9375613230615616,0.2479578673433996,0.6008353971611367,9986999.999999985,0.3300000000000008,0.1400000000000005,-1312.3335108796186,0.8914857480515117
0.36302928490816827,0.20913944503722595,0.9886887644275842,0.41371852878894744,0.5087622182592214,9986999.999999994,0.3299999999999998,0.14000000000000076,-1314.598322918563,2.60680890398042
0.8932120949949923,0.38322305191248873,0.9940636334076687,0.21251002513793554,0.6422407748778317,9987000.000000013,0.3299999999999996,0.13999999999999926,-1314.6196089825667,1.5518616298489536
0.8799806397221804,0.2755385969647174,0.9661321599732969,0.3461366758233119,0.6835744503360965,9986999.999999993,0.32999999999999957,0.13999999999999976,-1315.5973044113473,0.9594297392723115
1.1077482418607993,0.3989835356208278,0.9554907439326106,0.23618701923139088,0.6598650077593846,9986999.999999996,0.3299999999999992,0.14000000000000012,-1315.7493362033513,1.7752837193764146
0.4790276895152862,0.22648835278120621,0.9947291955331069,0.34512102562539326,0.6529188890650682,9986999.99999999,0.33000000000000024,0.1400000000000002,-1316.9146455092293,1.0986734377290561
0.575136235218798,0.33741635196682,0.9965303491522456,0.25395407062726866,0.7011711796209611,9986999.999999983,0.3300000000000014,0.1400000000000011,-1317.0844837750249,1.8826474366977008
0.6008963957841714,0.2868819229245255,0.9805039135537249,0.27925468194876674,0.6345877006318836,9986999.999999985,0.32999999999999985,0.14000000000000093,-1318.8626040745337,1.2158708717946323
1.2324114902210486,0.47692518686984975,0.9822528292765539,0.21051789829918024,0.5977565202265585,9987000.00000002,0.3299999999999998,0.13999999999999924,-1319.9898170466427,2.056070857464423
0.36048290530079974,0.22410901505054165,0.9344197032183265,0.3922654214453503,0.6422368342835971,9986999.999999968,0.3299999999999994,0.14000000000000026,-1321.182429664452,1.3666860833960748
0.39157482693039425,0.25189949115962973,0.9860106888366094,0.3641266340566674,0.542186195029024,9987000.000000007,0.33000000000000007,0.14000000000000035,-1326.6281851316064,1.1138779077147192
0.7659048443977167,0.2372849331178187,0.9734014487276833,0.34837110467044313,0.5395170581476061,9987000.000000002,0.3299999999999991,0.13999999999999874,-1328.5398039450865,0.7278380135264215
1.0388909951965033,0.3816552357910419,0.987033563739475,0.22934744848406757,0.5396247025007224,9987000.000000022,0.3299999999999993,0.13999999999999965,-1329.9907058855024,10.332294412130242
0.7746621662109299,0.24366809942392317,0.9786817060210604,0.3352496571581538,0.5354961486656902,9987000,0.3299999999999997,0.13999999999999968,-1331.0155381170453,0.8251531728278312
0.8398696386235296,0.3017318861974957,0.9924272641542072,0.26489732936465504,0.5588149593467826,9986999.999999993,0.33,0.13999999999999982,-1334.0237563299431,2.005499761476818
0.4210110030141193,0.2540151169895775,0.9993475428823189,0.33770146642990145,0.6433301936413099,9986999.999999993,0.3300000000000003,0.1400000000000002,-1341.9248465823691,1.2737628795553
1.0183440160292754,0.36701755675527625,0.94027221044409,0.25167035808557614,0.4490430239369804,9986999.999999985,0.3300000000000008,0.14000000000000076,-1344.6984578505458,2.2255427437762276
0.7086430527319465,0.36117100664305524,0.9782554469543934,0.22969844187632912,0.6163007221581472,9986999.999999985,0.3300000000000001,0.14000000000000035,-1347.2696302958605,0.6004637817335515
0.9511348439399615,0.33514270082257963,0.9983567537274282,0.2547153437073848,0.4980328409816948,9987000.000000017,0.3299999999999983,0.13999999999999954,-1351.5054791033901,2.148680058692578
0.657046521919996,0.3975229911003283,0.9501424139802414,0.21930695091866526,0.697926497915152,9987000.000000011,0.32999999999999957,0.13999999999999982,-1351.9864082312386,3.4180439874862127
0.6405670602109009,0.20241301456368901,0.9930040019796187,0.36588701130790885,0.5171573177820142,9986999.99999998,0.3300000000000009,0.14000000000000046,-1358.4543156985224,4.957605861422849
0.7811954537221653,0.22118844935325677,0.9873354579347471,0.34142708608170763,0.7632527886576972,9987000.000000015,0.3299999999999995,0.1399999999999993,-1358.986331949981,0.4987399992175011
0.9316901823236763,0.3203687310235137,0.9743796861923177,0.26257212875038455,0.49084486012452266,9987000.000000004,0.3299999999999996,0.13999999999999968,-1361.3725137341294,8.856485425108767
1.2267663921368241,0.4592823194154453,0.9705515288840392,0.21054658881377236,0.5491800129925689,9986999.999999983,0.33000000000000074,0.1400000000000005,-1365.6403753431803,0.9309011772965688
0.3393675233375462,0.23905260261266192,0.971835508026296,0.38367539782748367,0.7001893057011827,9986999.999999976,0.33000000000000024,0.1400000000000007,-1371.6227507734666,1.282768022951812
0.470300530357214,0.2936846011763581,0.9677308384518571,0.30613165864684017,0.5211363361965491,9986999.999999974,0.33000000000000074,0.14000000000000018,-1373.093446337348,5.351460581680358
0.9811909514730079,0.31475952568535925,0.985945221899248,0.27962122892284286,0.5831870499617628,9987000.000000007,0.3299999999999993,0.13999999999999993,-1373.8909707975506,1.617591310445151
0.34301614230200744,0.21146661291303318,0.9705699627908618,0.41267802666469755,0.5530175347680901,9986999.99999999,0.33000000000000007,0.13999999999999985,-1381.9868015473226,1.9323049458332675
0.5740578768333316,0.327117636387477,0.9937891921629807,0.26603315790558274,0.48987699450608974,9986999.999999989,0.3300000000000003,0.1400000000000013,-1383.7471390081523,2.8681086083463256
0.5347120109118716,0.23182071634979703,0.9631098175388906,0.3261549400209427,0.6005137499016976,9986999.999999994,0.3300000000000009,0.14000000000000115,-1385.3104974832106,6.577699925877562
0.7415572298527706,0.19588969678088503,0.9564680594399272,0.38879707864125024,0.6235573102539024,9987000.00000002,0.3299999999999995,0.13999999999999913,-1403.0475148719213,4.257135672469789
0.4338403475054126,0.28637825446733584,0.9730994356521417,0.3111949901402104,0.6401933937530144,9986999.999999993,0.33000000000000035,0.14000000000000018,-1403.9366384927946,0.9275913407376666
0.39086741874913755,0.18978516585641395,0.9992687767575122,0.4131201708215481,0.483036159127543,9987000,0.3299999999999983,0.13999999999999896,-1410.449366902357,5.790921584769277
0.33613266707266476,0.23000387309761613,0.964962829137806,0.38799735387231155,0.6825920267774015,9987000.000000028,0.3299999999999992,0.13999999999999904,-1412.0228011779684,1.0627998312412914
1.164925695533135,0.3958833974847608,0.9843391433861065,0.23809855795285784,0.596934945170166,9986999.999999993,0.3300000000000009,0.14000000000000054,-1425.382455999404,0.9573400323576029
0.421005360697229,0.19861348900793732,0.9950540077442439,0.39298537281258494,0.4578156425585007,9986999.999999989,0.33,0.1400000000000004,-1433.2481612445727,2.7746095911017474
1.309173635536432,0.4752278265029425,0.9622260680038893,0.2021861608992134,0.6174645924757554,9987000.000000024,0.3299999999999999,0.1399999999999999,-1436.9907582596659,0.30532694105406694
0.37511185260731544,0.21523924144795845,0.9841108241643435,0.3875775719862595,0.5381406864645871,9986999.999999985,0.3299999999999995,0.13999999999999965,-1437.649321989635,2.4687013253631838
0.9681068839013576,0.28875971864299843,0.9858240697651276,0.2911773152688634,0.6179208288508276,9986999.99999997,0.3300000000000007,0.1400000000000006,-1438.09648730373,5.389926049936622
1.2526584878806852,0.4346333437105208,0.9926026994405498,0.20636002328972025,0.6761562983334847,9986999.999999996,0.33000000000000035,0.13999999999999965,-1441.3982640322222,2.304147161363089
0.6492826863986284,0.25766124482734504,0.9341504423696073,0.2918628153004304,0.5109866789951947,9987000.000000013,0.3300000000000001,0.14000000000000004,-1451.086021194003,14.111526584311992
0.43255082343656376,0.35020498066648487,0.978850373433414,0.29060427969252806,0.6324051645736194,9987000.00000001,0.3299999999999989,0.14000000000000012,-1452.6692052697204,1.1569775039879366
0.5857352077481076,0.40793435511061815,0.9840727843674718,0.2225207957744053,0.6812584461978219,9987000.000000017,0.32999999999999863,0.1399999999999998,-1470.3068357894908,0.9612965676370462
0.38846163447454163,0.23457822875862477,0.9770796962173341,0.3562600374982575,0.61985766297205,9987000.000000022,0.32999999999999985,0.13999999999999985,-1472.810738674198,4.37740257120033
0.5273781660898998,0.38362765795620485,0.9986997546937236,0.2430038586987185,0.6508399579537384,9986999.999999985,0.3300000000000003,0.13999999999999968,-1475.6186776120837,0.7872214451131132
0.855065090509584,0.22476866037021062,0.9695467457367557,0.3681933538548125,0.6269903969379985,9986999.999999998,0.33000000000000046,0.14,-1476.7464522417717,2.4903872311854705
0.2708232722961999,0.19679672359893505,0.9682738091183766,0.4531007713701621,0.7485242911101397,9987000.000000019,0.33000000000000007,0.1399999999999996,-1476.7599429170275,3.088037680369206
0.38684314920245505,0.2591936784171231,0.9927415833160855,0.34079713683232415,0.6139093959643818,9987000.000000006,0.33000000000000124,0.14000000000000035,-1479.328665516674,7.334233472771067
1.1347079497312038,0.361161036433462,0.9707479151947813,0.25292136552785904,0.5840343447124114,9986999.999999993,0.33000000000000035,0.14000000000000062,-1480.3355273189393,3.0356202865770094
0.3135262811545174,0.19091230768032383,0.9973695385064303,0.44384610848686135,0.52999040952709,9987000.000000019,0.3299999999999987,0.1399999999999985,-1481.9885963535592,16.484714769137778
0.5829552219833982,0.46422558518425067,0.966547113868597,0.20942035906932963,0.7374697932061748,9987000,0.3299999999999995,0.13999999999999935,-1483.3731969209532,0.8986874203576171
0.3697194479297007,0.20977358424326442,0.9870568751481793,0.38349466363531204,0.6236656021707746,9987000.000000015,0.33,0.13999999999999965,-1487.4700341656142,4.961985007817238
1.5268121560584573,0.5930180760177671,0.9576294687519145,0.1768206666771301,0.5932940471667891,9986999.999999993,0.33000000000000046,0.1400000000000002,-1490.6710771399541,0.8461738608574334
0.6099453224342923,0.4643442393168434,0.8958841796824026,0.2123054812213681,0.6074246325515178,9986999.99999998,0.33000000000000146,0.14000000000000104,-1491.2774007350852,3.2931636932078825
1.0431332407207958,0.31547351692272124,0.9884339343407297,0.2768338007710321,0.5627548043563044,9986999.999999985,0.32999999999999907,0.13999999999999982,-1499.851793886288,5.207892647371373
1.150690983999366,0.35478061107880515,0.914458697083051,0.24196314587130782,0.696898763324852,9986999.999999981,0.3300000000000009,0.13999999999999987,-1502.6920901354295,6.282641029963942
0.45285263182573215,0.35849846988854217,0.9979437331665241,0.2734557364798152,0.6326202174855218,9987000,0.33000000000000007,0.1400000000000006,-1518.1858738674437,0.729879760127138
0.33999707236014154,0.1689693886473169,0.9297545686766497,0.4487212110914807,0.5898988986433038,9986999.999999989,0.3300000000000005,0.14000000000000046,-1533.7224375877838,10.179375254491184
0.3829826912877325,0.20955593704527217,0.9714015886886292,0.3789708012664844,0.580461197413574,9986999.999999993,0.3299999999999997,0.1400000000000001,-1535.551638185783,3.465748241751764
0.5035279010616018,0.2979154629644359,0.9118373477157682,0.28222057914503107,0.5657064951694669,9986999.999999998,0.3300000000000009,0.1400000000000003,-1541.9459650655297,2.8876772891082507
1.495570253041172,0.5503315915527,0.9239506978679117,0.18777356728576686,0.6224723406414698,9987000.00000001,0.32999999999999907,0.14,-1546.9032947852088,5.817213862720479
0.34653447709922475,0.24464578231615489,0.9949290345049102,0.371981281208307,0.5561175088516095,9986999.999999998,0.3299999999999995,0.1400000000000001,-1570.3084059589132,0.7949357876943383
0.5185489524399597,0.23571370271940364,0.9742603024837498,0.31918128740379137,0.5291503865009578,9987000.00000002,0.3299999999999995,0.1399999999999998,-1585.5900700197683,6.223331097361678
0.42491210135282936,0.2806965574302946,0.986160234186671,0.30599533522005745,0.6282184798349426,9986999.999999974,0.33000000000000035,0.1400000000000002,-1587.618915129645,9.535395020913736
0.4759149534872411,0.34876819890686694,0.9224462816968294,0.27931460271676894,0.4828502156603754,9986999.999999966,0.33000000000000057,0.14000000000000085,-1593.7284780839002,4.396572167448577
0.9014056473302836,0.23403179560772244,0.9416867428580964,0.3577046662820188,0.5504143041812185,9987000.000000024,0.3299999999999995,0.1399999999999998,-1595.9395828592458,4.065790089341053
0.6095759093694368,0.33276110228873573,0.963996396599631,0.2444749936994805,0.535558168505861,9986999.99999999,0.3300000000000005,0.1400000000000003,-1620.307937546545,1.059541936121518
0.4048442706149404,0.21776620410872968,0.9928215416969972,0.3583280201540305,0.5452619391229234,9986999.99999999,0.33000000000000007,0.14000000000000012,-1629.0927725174756,5.661195848873196
0.42958328988275585,0.19433650547900996,0.9999686714354575,0.38094461379101546,0.47488679420174856,9986999.999999996,0.33,0.13999999999999982,-1650.4388907514754,8.852864439895228
0.2527684117686292,0.19869581301490943,0.9967692009540741,0.46792123167106275,0.6382766509196306,9986999.999999994,0.33000000000000007,0.1400000000000007,-1658.9973580305486,34.630229181457416
0.40573793952483983,0.22187518643629364,0.9947459966132542,0.34407634922912006,0.6895804722736646,9987000.000000011,0.3299999999999999,0.1399999999999992,-1659.0794515314287,1.6369471582773432
1.1704093603557288,0.3466957104073595,0.9959664115526303,0.25294556947995733,0.584972738248223,9986999.999999996,0.33000000000000035,0.13999999999999993,-1659.945109585991,4.583616761447068
0.2758965805448801,0.17041777825517845,0.86301724563803,0.47759232235166027,0.6234548490757568,9986999.999999993,0.33000000000000046,0.1400000000000002,-1670.9225340225114,8.370594353809853
1.330864820822646,0.4247624364401167,0.9367392075525343,0.21619764107056577,0.6079435713383317,9987000.000000006,0.3299999999999997,0.13999999999999982,-1680.4452807155376,2.920779177572613
1.016539461093038,0.25628326279771857,0.999693156572916,0.3031847452509633,0.6826878388505022,9986999.99999995,0.3300000000000007,0.14000000000000054,-1715.8459845731454,1.8700730284399865
1.0930305129565294,0.27931485282006346,0.9782885292578669,0.2973654342338213,0.7322783539695732,9986999.99999998,0.33000000000000096,0.14000000000000068,-1743.913138952404,2.3472405018839244
1.384297087654942,0.4368153937491165,0.9720606849386738,0.2227882152922385,0.6299972605198324,9987000.00000001,0.3299999999999997,0.1399999999999996,-1748.275464719377,2.405508715661731
1.0345016899991781,0.2653254733528975,0.9961019783463151,0.3185373160141842,0.611996459180497,9986999.999999978,0.33000000000000057,0.1400000000000001,-1757.956168226539,6.076035985192454
0.2967413335211707,0.22115887979020799,0.9914945790169014,0.40336491848158945,0.6250773893925047,9987000.000000013,0.32999999999999874,0.14,-1761.6906873471826,8.355407294961395
0.2619508260956894,0.17555737389224793,0.9431502021680173,0.4712447114002627,0.6448432296330103,9986999.999999959,0.330000000000001,0.14000000000000098,-1777.6419984582656,24.962819783761212
0.9990751909136016,0.25220050133775684,0.99881749753128,0.3162499833473177,0.5349662422340931,9986999.999999993,0.33000000000000057,0.1400000000000003,-1782.7104811701736,10.991427238654628
0.3755272116131019,0.26356109061392335,0.972881839491591,0.32525157169497826,0.6351822687214796,9986999.999999996,0.3299999999999996,0.1399999999999994,-1830.0485932629397,3.753588910545894
0.2980659546551998,0.2332538986616119,0.9957331285532939,0.37087834159859173,0.7757891592415078,9986999.999999994,0.3299999999999998,0.1399999999999998,-1914.476699813536,11.0596546276228
0.35904779905545037,0.22737755543641655,0.9216656389652148,0.3716758887927182,0.458255565503788,9986999.999999983,0.3300000000000003,0.14000000000000015,-1945.6832423606713,23.247867196188736
0.3537128766882617,0.2923266683245378,0.9873675445027803,0.3199129655265533,0.6408103590408036,9987000.000000043,0.3299999999999995,0.1399999999999989,-1948.3620451765767,1.2620372901947474
0.28227746505658213,0.1758450168020975,0.9731628868936109,0.4475384707573479,0.6086918783905266,9987000.000000034,0.32999999999999874,0.13999999999999957,-1991.808442685662,2.2465497213224
1.2472351953936598,0.32313987925256593,0.9268678448969886,0.28714254446741627,0.5954132910431651,9987000.000000032,0.3299999999999998,0.1399999999999995,-2063.213510837352,1.8709384091084134
0.24856547121703118,0.1819717248311484,0.9890819380281122,0.4752421598470592,0.5532748046236187,9987000.00000001,0.33000000000000035,0.14000000000000037,-2144.131569191385,9.287575246997703
1.4761922325934618,0.37989783661875287,0.9966089609080326,0.23417539865938244,0.6245350732482275,9987000.000000013,0.3299999999999996,0.14,-2197.958117508619,0.8349177215198197
1.4018797199129525,0.33909209995899015,0.968313052090624,0.2544275663222428,0.6303017396687335,9986999.999999989,0.33000000000000046,0.13999999999999968,-2224.2128998767116,6.787136049969267
0.3429485842085354,0.28915382007413254,0.9261713567453098,0.32323819134765924,0.5753509370194906,9987000,0.3300000000000003,0.14000000000000026,-2236.5629140206124,6.481599895274993
0.3823392149424885,0.3148465232979009,0.9798283216715666,0.2767306085889709,0.7131389133541685,9986999.999999983,0.33000000000000096,0.1400000000000008,-2365.2902029204156,10.43671164843269
1.3827773570416544,0.312182774274062,0.9996045907368009,0.2688024768475806,0.5966729951718717,9986999.999999987,0.3300000000000017,0.14000000000000082,-2377.029404018374,6.260789951576072
0.3894224848336144,0.3312539738941222,0.9866206685262213,0.27522954163219004,0.5950807229887785,9986999.999999948,0.33000000000000124,0.14000000000000065,-2409.367445646229,1.7428986780033224
0.3594915478689091,0.2503138054218455,0.8925641486130108,0.33108491920766187,0.5178176487487122,9986999.999999998,0.33,0.1399999999999999,-2652.9234597506274,9.66811890599906
1.8447916659194659,0.34901811178014513,0.9913113582806854,0.2610563858129011,0.7246472079482419,9987000.000000011,0.33000000000000057,0.1400000000000001,-3052.2884856316923,19.822317346809086
0.35244213263795326,0.33032031897897834,0.9811095583951689,0.2709142185213685,0.5697701082247734,9986999.999999976,0.3300000000000011,0.14000000000000096,-3159.0075729885402,9.51425307604229
0.23708593539184297,0.18712519099682243,0.8915068907663415,0.44996404202194684,0.4951820801178783,9987000.000000015,0.32999999999999896,0.1399999999999994,-3203.4194658131973,1.6249666043478401
0.313902771588025,0.23552396479864218,0.9325765043004226,0.3386581512288895,0.5543863610843933,9987000.000000013,0.3299999999999999,0.13999999999999976,-3412.663666873555,3.2243976994921395
