Beta_o,Beta_b,Beta_or,Beta_r,mu_EI_o,mu_IR_o,mu_EI_b,mu_IR_r,mu_IR_b,rho,k,eta,N,loglik,loglik.se
67.04190017933749,51.39843211253952,0.7644012369610997,66.5755810538681,0.08283029286188921,0.02,0.03233785161473694,0.02,0.01,0.5952648191807527,10,0.10089005899556731,84340000,-2308.628295509888,0.01225063605425693
62.35082368678964,53.8029921195762,0.7706286094083095,63.19265212793835,0.0884697051306527,0.02,0.03244191801839898,0.02,0.01,0.5981739484198958,10,0.09996147457517064,84340000,-2311.019859041932,0.02654524519868032
129.26195782617992,150.55088473029863,2.7099435539792904,107.7155138719652,0.03632295256524215,0.05,0.0283282807139492,0.03,0.01,0.8739939846801836,10,0.07095757649532998,84340000,-2311.344760945838,0.05542649040541334
129.26195782617992,150.55088473029863,2.7099435539792904,107.7155138719652,0.03632295256524215,0.05,0.0283282807139492,0.03,0.01,0.8739939846801836,10,0.07095757649532998,84340000,-2311.344760945838,0.055426490405413344
116.1340764797829,74.04798773015763,12.014349099872716,107.27399172079896,0.03515001072719218,0.05,0.02637879070435831,0.03,0.01,0.6471153612333236,10,0.09246971539538286,84340000,-2312.234539414266,0.05034678252187962
116.1340764797829,74.04798773015763,12.014349099872716,107.27399172079897,0.035150010727192184,0.05,0.02637879070435831,0.03,0.01,0.6471153612333236,10,0.09246971539538286,84340000,-2312.234539414266,0.05034678252187962
61.32237105163258,39.65611821178122,0.8813470968297755,74.62384607400158,0.09214643985111402,0.02,0.02921312108403844,0.02,0.01,0.6156876975710199,10,0.10006488848446712,84340000,-2313.5653572327647,0.0138777652459144
59.91284307515352,38.7076920143178,0.6419256814439255,75.87902650638534,0.09460929323872372,0.02,0.0293986704923893,0.02,0.01,0.6009968744902525,10,0.1001780736920472,84340000,-2313.6197960975355,0.02082269183248338
58.59602906882952,53.35033389840431,1.0088596376346912,69.28359414414238,0.09746303412233824,0.02,0.03208982254296292,0.02,0.01,0.6042810387709006,10,0.09957797945925904,84340000,-2315.562326923584,0.03034702325611027
188.21011146425525,69.8254615357983,4.873093710654743,153.9894709814142,0.03357155658992589,0.05,0.03848090582828508,0.03,0.01,0.9473640240483044,10,0.05154716584617487,84340000,-2317.581363372512,0.07522782307820321
188.21011146425525,69.8254615357983,4.873093710654743,153.9894709814142,0.03357155658992589,0.05,0.03848090582828508,0.03,0.01,0.9473640240483044,10,0.05154716584617487,84340000,-2317.581363372512,0.07522782307820321
58.36654090880117,46.660459766626005,0.9141272997291616,59.705668985546765,0.09824464688992685,0.02,0.03309491472652675,0.02,0.01,0.5998567970922422,10,0.10018814179736446,84340000,-2317.6954377563047,0.0183780698813741
53.86139835221598,67.6393186083471,0.8395416666543845,76.8103401209615,0.10495668310980084,0.02,0.02921730160295915,0.02,0.01,0.6103846350074837,10,0.10039835287486765,84340000,-2318.469343899371,0.01647998525720118
108.6828609135089,113.3271894692319,5.927751105875378,46.61256287307162,0.03060481435028922,0.05,0.03580475155359607,0.03,0.01,0.4080932324559766,10,0.13856285684967176,84340000,-2319.8998382706714,0.03706614792795795
108.6828609135089,113.3271894692319,5.927751105875378,46.61256287307162,0.030604814350289222,0.05,0.03580475155359607,0.03,0.01,0.4080932324559766,10,0.13856285684967176,84340000,-2319.8998382706714,0.037066147927957954
55.02577852374855,38.67561126287386,1.001118180240462,62.64102218314949,0.10359440272556206,0.02,0.03086803225199924,0.02,0.01,0.6198432495715536,10,0.09992091572110272,84340000,-2320.3771668870436,0.01900622891889859
48.251534352760856,49.86586691016422,0.9701492073289948,75.24693415800152,0.1124038194398348,0.02,0.03015740278423813,0.02,0.01,0.6225838806920769,10,0.09983479765250304,84340000,-2320.8654626952716,0.02304554921000824
49.93830983999736,47.5432035038575,1.0302743542430448,73.49708680633654,0.11199254772126488,0.02,0.02887828909616315,0.02,0.01,0.6259421598250499,10,0.100015550958494,84340000,-2321.7973651447505,0.0282295804298122
50.48371266980105,44.36519621127286,1.0856428741444957,62.803091239837634,0.11072779958987251,0.02,0.03090018325489647,0.02,0.01,0.6211235820801895,10,0.09971315990236064,84340000,-2322.138822381401,0.0275944755296233
52.26564700510325,45.78086891309608,0.8377411490740285,65.31157244945959,0.11020173184625803,0.02,0.03252785530943254,0.02,0.01,0.6000270945533669,10,0.10055359793640084,84340000,-2322.4455141864723,0.02238518139206162
50.4895800342516,55.40687137567068,0.8200609487106655,78.6199555036245,0.11248888914162762,0.02,0.02865130469366614,0.02,0.01,0.624444590442798,10,0.10035983170319412,84340000,-2322.453989478173,0.02539462406369228
47.74840977917515,56.46467288075529,0.963152595919713,77.25924196545799,0.11716019296213093,0.02,0.0293160487473881,0.02,0.01,0.6105627344298982,10,0.10037811938469188,84340000,-2322.544501647994,0.01885111629475389
88.4365085384641,107.46781416770378,1.5946254714337873,59.8849830524981,0.03440594426811134,0.05,0.0318993921687813,0.03,0.01,0.3770371100503712,10,0.15471926257676,84340000,-2323.2267190293182,0.03725477143032446
88.4365085384641,107.46781416770378,1.5946254714337873,59.8849830524981,0.034405944268111346,0.05,0.0318993921687813,0.03,0.01,0.3770371100503712,10,0.15471926257676,84340000,-2323.2267190293182,0.03725477143032446
92.47118262384744,105.9421053012144,4.493597982507541,70.59693034471202,0.03281080901204884,0.05,0.02703735252329403,0.03,0.01,0.3664250767117549,10,0.15969319945064456,84340000,-2323.5296562113745,0.05771576626287831
92.47118262384744,105.9421053012144,4.493597982507541,70.59693034471202,0.03281080901204884,0.05,0.02703735252329403,0.03,0.01,0.3664250767117549,10,0.15969319945064456,84340000,-2323.5296562113745,0.05771576626287831
50.306784327473146,54.09766528124033,1.0124287760469135,58.460902536439704,0.11143546162722112,0.02,0.0319140751936937,0.02,0.01,0.6318007734436144,10,0.0995791168906042,84340000,-2324.3808127803622,0.0290515380837338
95.4988100406817,92.59400037267096,1.139826993809665,44.32947614264758,0.03042446114363864,0.05,0.03240598255889768,0.03,0.01,0.3194614355866618,10,0.17765255955076908,84340000,-2325.658778750434,0.02431937625428395
95.4988100406817,92.59400037267096,1.139826993809665,44.32947614264758,0.030424461143638643,0.05,0.03240598255889768,0.03,0.01,0.3194614355866618,10,0.17765255955076908,84340000,-2325.658778750434,0.02431937625428395
89.31768820768079,134.50434053404618,11.319529459767748,60.04536861389765,0.03140167393579891,0.05,0.03023674040573028,0.03,0.01,0.321244609155557,10,0.17964154002816868,84340000,-2325.9947298797283,0.03499458094681166
89.31768820768079,134.50434053404618,11.319529459767747,60.04536861389765,0.03140167393579891,0.05,0.03023674040573028,0.03,0.01,0.321244609155557,10,0.17964154002816868,84340000,-2325.9947298797283,0.03499458094681166
46.310367930275454,46.62489006518086,0.8305425650897972,61.49697503479449,0.12048699027074708,0.02,0.03203270774341663,0.02,0.01,0.6270622218894488,10,0.10059679795644408,84340000,-2327.222318096947,0.02730033785028016
45.2575335283675,59.803182258703494,0.7568988245942876,65.189697669214,0.12642493716176867,0.02,0.03073288939601055,0.02,0.01,0.624567362994952,10,0.09976944196694772,84340000,-2328.137924097931,0.02413245965577399
89.0156591027073,132.8361218473521,7.585336603790827,84.781682244797,0.03170401299918185,0.05,0.02813639469362527,0.03,0.01,0.3055290970346949,10,0.18553001282829648,84340000,-2328.2856414401936,0.06042530741302333
89.0156591027073,132.8361218473521,7.585336603790827,84.781682244797,0.03170401299918185,0.05,0.028136394693625277,0.03,0.01,0.3055290970346949,10,0.18553001282829648,84340000,-2328.2856414401936,0.06042530741302333
102.50415892933114,57.12273863632137,7.898345321465175,65.93968900733621,0.04010897602145083,0.05,0.03117572702123683,0.03,0.01,0.7283455488071163,10,0.08944439368546726,84340000,-2328.3794047582346,0.05433468330638643
102.50415892933114,57.12273863632137,7.898345321465175,65.93968900733621,0.04010897602145083,0.05,0.031175727021236836,0.03,0.01,0.7283455488071163,10,0.08944439368546726,84340000,-2328.3794047582346,0.05433468330638643
84.51917741592509,102.32054782752093,2.47328010230033,33.5242340820994,0.03020264234363481,0.05,0.03472145554616355,0.03,0.01,0.2754400636823713,10,0.207346014368,84340000,-2329.279985241436,0.03415588662174081
84.51917741592509,102.32054782752093,2.47328010230033,33.5242340820994,0.03020264234363481,0.05,0.03472145554616355,0.03,0.01,0.2754400636823713,10,0.20734601436800001,84340000,-2329.279985241436,0.03415588662174081
84.09502415052016,59.95144933257702,7.059272899196703,30.698205151835076,0.02994722496534294,0.05,0.0362218919726407,0.03,0.01,0.2579401993799706,10,0.2165226313063068,84340000,-2330.6549481494303,0.03162686980645762
84.09502415052016,59.95144933257702,7.059272899196703,30.698205151835076,0.029947224965342942,0.05,0.0362218919726407,0.03,0.01,0.2579401993799706,10,0.2165226313063068,84340000,-2330.6549481494303,0.03162686980645762
39.5088879703074,45.589886645671506,1.0603043726418908,66.93087055906265,0.14471586706782516,0.02,0.03118315442272952,0.02,0.01,0.6126814448120464,10,0.10042889796938854,84340000,-2332.9332489707613,0.02356764361158228
76.26901334010095,73.84754088683661,9.176062004380608,26.735872400785407,0.03000814431322062,0.05,0.03724703276081541,0.03,0.01,0.2260016788040521,10,0.2468512001912911,84340000,-2334.029488649078,0.0308141362022069
76.26901334010095,73.84754088683661,9.176062004380608,26.735872400785407,0.030008144313220624,0.05,0.03724703276081541,0.03,0.01,0.2260016788040521,10,0.2468512001912911,84340000,-2334.029488649078,0.0308141362022069
41.90471914554137,40.950831556474554,1.1407661741066673,59.68004561263783,0.13791083082008418,0.02,0.03085453132877748,0.02,0.01,0.6306463197271989,10,0.10079824943433124,84340000,-2334.7074692616025,0.02463604319953
73.97112228130823,107.50584853337708,10.276167588475122,168.240082113757,0.04382208436193232,0.05,0.01944490388120297,0.03,0.01,0.4955510110201965,10,0.13003852126452622,84340000,-2334.85690389078,0.05027543109071746
73.97112228130823,107.50584853337709,10.276167588475122,168.240082113757,0.04382208436193232,0.05,0.019444903881202978,0.03,0.01,0.49555101102019644,10,0.13003852126452622,84340000,-2334.85690389078,0.050275431090717464
40.159505037905895,36.1164650838643,0.664889074684379,57.27499475462738,0.14359467800327008,0.02,0.03096305161355068,0.02,0.01,0.6419559076313529,10,0.09985236214428853,84340000,-2336.598423159374,0.0230255020904963
78.1436950021295,88.2128022127501,4.45018925649652,106.62272644984932,0.04447224629808284,0.05,0.02176373324159501,0.03,0.01,0.6150423180145397,10,0.11054112937414907,84340000,-2337.444984989058,0.04486757619853733
78.1436950021295,88.2128022127501,4.45018925649652,106.62272644984931,0.04447224629808284,0.05,0.021763733241595012,0.03,0.01,0.6150423180145397,10,0.11054112937414907,84340000,-2337.444984989058,0.04486757619853733
66.50815360257337,53.111695008679845,0.8998876839079593,43.09516408499778,0.03289871360653495,0.05,0.03618973743874463,0.03,0.01,0.2273736123372483,10,0.25224686525647366,84340000,-2337.575283571403,0.14122047415476982
66.50815360257337,53.111695008679845,0.8998876839079593,43.09516408499778,0.03289871360653495,0.05,0.03618973743874463,0.03,0.01,0.2273736123372483,10,0.25224686525647366,84340000,-2337.575283571403,0.14122047415476982
65.71044378546344,122.46008215276564,6.40315309406431,32.993313436728805,0.029196162319432,0.05,0.03151626835851929,0.03,0.01,0.176487906796019,10,0.32502017955810547,84340000,-2341.4551613362833,0.03718464793235639
65.71044378546344,122.46008215276565,6.40315309406431,32.993313436728805,0.029196162319432006,0.05,0.03151626835851929,0.03,0.01,0.176487906796019,10,0.32502017955810547,84340000,-2341.4551613362833,0.037184647932356395
61.9679657011135,130.1109600802336,8.66012888255627,36.81167245254989,0.03093414965563463,0.05,0.02866523093338335,0.03,0.01,0.17094473327122553,10,0.33824631828124907,84340000,-2342.97862391126,0.02849259117138249
61.9679657011135,130.1109600802336,8.66012888255627,36.81167245254989,0.030934149655634634,0.05,0.02866523093338335,0.03,0.01,0.17094473327122553,10,0.33824631828124907,84340000,-2342.97862391126,0.028492591171382493
57.44110235503803,81.40175905043073,5.292592457553997,78.3043299940953,0.03638124873826699,0.05,0.02145076333753338,0.03,0.01,0.22685380512443545,10,0.2720981946125617,84340000,-2344.3565567784767,0.02357790955451463
57.44110235503803,81.40175905043073,5.292592457553997,78.3043299940953,0.03638124873826699,0.05,0.02145076333753338,0.03,0.01,0.22685380512443543,10,0.2720981946125617,84340000,-2344.3565567784767,0.023577909554514633
61.82775515381571,80.51288119786379,10.081697677146346,28.65895976884983,0.02943497916981209,0.05,0.03055730907415649,0.03,0.01,0.15322347390198307,10,0.3725530748354522,84340000,-2345.299709535773,0.02961404029079281
61.82775515381571,80.51288119786379,10.081697677146346,28.65895976884983,0.02943497916981209,0.05,0.030557309074156498,0.03,0.01,0.15322347390198307,10,0.3725530748354522,84340000,-2345.299709535773,0.029614040290792815
59.16337719129928,97.04455625147064,9.846994415794969,60.970116637540706,0.03176956043403523,0.05,0.02525770710919774,0.03,0.01,0.1692691700705415,10,0.34817930054743323,84340000,-2346.6158034154437,0.05253055368026694
59.163377191299276,97.04455625147064,9.846994415794967,60.970116637540706,0.03176956043403523,0.05,0.025257707109197745,0.03,0.01,0.1692691700705415,10,0.34817930054743323,84340000,-2346.6158034154437,0.05253055368026694
58.29197346020028,45.02127471689374,0.43636656510904304,55.63988793485298,0.0300975723438668,0.05,0.02456096282707092,0.03,0.01,0.16779641774585413,10,0.35680538861514866,84340000,-2347.208021509077,0.04813663385727167
58.29197346020028,45.02127471689374,0.43636656510904304,55.63988793485298,0.030097572343866806,0.05,0.024560962827070924,0.03,0.01,0.16779641774585413,10,0.35680538861514866,84340000,-2347.208021509077,0.048136633857271675
53.68911997735696,82.34503331757574,7.69414196485488,71.62642906692983,0.03329328202239908,0.05,0.02367128797934924,0.03,0.01,0.16770983380462018,10,0.3578622807194639,84340000,-2348.714723926337,0.06064208035884387
53.68911997735696,82.34503331757574,7.6941419648548806,71.62642906692983,0.03329328202239908,0.05,0.023671287979349247,0.03,0.01,0.16770983380462018,10,0.3578622807194639,84340000,-2348.714723926337,0.06064208035884387
58.543986134739434,99.89182886557914,7.426499715416342,21.374046854218676,0.0306599082202789,0.05,0.0373888508803062,0.03,0.01,0.14491576482952878,10,0.3910504189688449,84340000,-2349.183953767274,0.0642006538058879
58.543986134739434,99.89182886557914,7.426499715416342,21.374046854218676,0.030659908220278902,0.05,0.0373888508803062,0.03,0.01,0.14491576482952878,10,0.3910504189688449,84340000,-2349.183953767274,0.0642006538058879
54.207540969792355,138.46878133036884,4.485044043797982,66.8798014996404,0.03174344446036761,0.05,0.02653534895334431,0.03,0.01,0.14945644658601837,10,0.39379193305472326,84340000,-2350.3160801067893,0.05165934560816319
54.207540969792355,138.46878133036884,4.485044043797982,66.8798014996404,0.03174344446036761,0.05,0.026535348953344313,0.03,0.01,0.14945644658601837,10,0.39379193305472326,84340000,-2350.3160801067893,0.05165934560816319
62.13663948369941,69.9123935666741,6.208937177232708,37.24499289427862,0.03101743746290931,0.05,0.03908532281426825,0.03,0.01,0.15838716175718542,10,0.35151751957755817,84340000,-2350.3182554017803,0.089785856427455693
62.13663948369941,69.9123935666741,6.208937177232708,37.24499289427862,0.031017437462909317,0.05,0.039085322814268256,0.03,0.01,0.15838716175718542,10,0.35151751957755817,84340000,-2350.3182554017803,0.089785856427455707
51.72682261236528,99.52829146162868,3.320596967379973,35.739435714889304,0.03549247280570974,0.05,0.04019862202188357,0.03,0.01,0.16745772727521238,10,0.33810794793144633,84340000,-2353.52045121723,0.16876243223996487
51.72682261236528,99.52829146162867,3.320596967379973,35.739435714889304,0.035492472805709746,0.05,0.040198622021883575,0.03,0.01,0.16745772727521238,10,0.33810794793144633,84340000,-2353.52045121723,0.16876243223996487
53.8048460448753,115.97822523562569,2.7513730731448356,136.359785935327,0.0537962567470846,0.05,0.01942889777380255,0.03,0.01,0.4792321247263196,10,0.14252182194876198,84340000,-2355.593056988124,0.05110908454206105
53.8048460448753,115.97822523562567,2.7513730731448356,136.359785935327,0.0537962567470846,0.05,0.019428897773802557,0.03,0.01,0.4792321247263196,10,0.14252182194876198,84340000,-2355.593056988124,0.05110908454206105
50.52007728406871,123.38131214546718,2.3507428832506156,23.89424548294342,0.02851277476910557,0.05,0.02803849731170901,0.03,0.01,0.1088908482196649,10,0.5311250334766143,84340000,-2355.970582493447,0.02689727207111363
50.52007728406871,123.38131214546718,2.3507428832506156,23.89424548294342,0.028512774769105572,0.05,0.028038497311709012,0.03,0.01,0.1088908482196649,10,0.5311250334766143,84340000,-2355.970582493447,0.026897272071113632
49.17849425021108,181.23089923495644,6.3768870865860645,30.27147106958119,0.03000423089970109,0.05,0.02496909876852831,0.03,0.01,0.1130381162825159,10,0.5133386092331029,84340000,-2356.1395080532707,0.03835683034020348
49.17849425021108,181.23089923495644,6.3768870865860645,30.27147106958119,0.030004230899701095,0.05,0.024969098768528313,0.03,0.01,0.1130381162825159,10,0.5133386092331029,84340000,-2356.1395080532707,0.03835683034020348
49.16187317044834,79.4712699602798,5.648288636684288,25.226070398106252,0.02870380561971376,0.05,0.03073221713355659,0.03,0.01,0.10575107119534093,10,0.5397311231213658,84340000,-2356.4711659996447,0.0350986457279598
49.16187317044834,79.4712699602798,5.648288636684288,25.226070398106252,0.028703805619713762,0.05,0.030732217133556592,0.03,0.01,0.10575107119534093,10,0.5397311231213658,84340000,-2356.4711659996447,0.0350986457279598
48.70930316019632,111.81650398543589,7.864877490541298,57.36109498936876,0.04402200738902871,0.05,0.02342939177750814,0.03,0.01,0.25239948172371396,10,0.25785270849102665,84340000,-2357.085169040356,0.07342842745523613
48.70930316019632,111.81650398543589,7.864877490541298,57.36109498936876,0.044022007389028714,0.05,0.023429391777508142,0.03,0.01,0.25239948172371396,10,0.25785270849102665,84340000,-2357.085169040356,0.07342842745523613
43.93084107976694,192.31561076460483,4.2941904444757855,53.34943821655687,0.04037417367532762,0.05,0.02126393917359036,0.03,0.01,0.18672537307842557,10,0.3442145494507628,84340000,-2358.995669099968,0.04810429879760145
43.93084107976694,192.31561076460483,4.2941904444757855,53.34943821655687,0.040374173675327626,0.05,0.021263939173590367,0.03,0.01,0.18672537307842557,10,0.3442145494507628,84340000,-2358.995669099968,0.04810429879760145
42.76242282221675,163.8382211481426,3.659319417293212,19.530697787025336,0.0307608300144822,0.05,0.02949192579276484,0.03,0.01,0.09566528608125488,10,0.6034591534594403,84340000,-2359.4114904898843,0.06851182954758663
42.762422822216756,163.8382211481426,3.659319417293212,19.530697787025336,0.030760830014482203,0.05,0.029491925792764842,0.03,0.01,0.09566528608125488,10,0.6034591534594403,84340000,-2359.4114904898843,0.06851182954758663
81.95379533993206,57.77799884900277,6.5005574193909395,33.68878824745196,0.03107971126612171,0.05,0.07448215973553544,0.03,0.01,0.24055204819957413,10,0.22406623331007244,84340000,-2360.619851332606,0.5316879207595809
81.95379533993206,57.77799884900277,6.5005574193909395,33.68878824745196,0.031079711266121714,0.05,0.07448215973553544,0.03,0.01,0.24055204819957413,10,0.22406623331007244,84340000,-2360.619851332606,0.5316879207595809
40.79510460661291,53.59927402747059,2.151934514698397,47.12704077387504,0.03829040324030669,0.05,0.02229509228218832,0.03,0.01,0.1392864991287162,10,0.4493409258568718,84340000,-2363.920214230935,0.03425452679134051
40.79510460661291,53.59927402747059,2.151934514698397,47.12704077387504,0.03829040324030669,0.05,0.022295092282188327,0.03,0.01,0.1392864991287162,10,0.4493409258568718,84340000,-2363.920214230935,0.034254526791340514
44.50658343860511,97.95234764566776,4.919666542374981,49.24300864625697,0.02895766185763476,0.05,0.02699443819225858,0.03,0.01,0.08986151369652694,10,0.6447642739319619,84340000,-2365.079158339832,0.07159079447117403
44.50658343860511,97.95234764566777,4.919666542374981,49.24300864625697,0.028957661857634764,0.05,0.026994438192258583,0.03,0.01,0.08986151369652694,10,0.6447642739319619,84340000,-2365.079158339832,0.07159079447117403
48.65402906550725,83.09970332226858,4.825667104120812,76.4647114181209,0.03347834269088046,0.05,0.04891999122759723,0.03,0.01,0.15064323372817395,10,0.3654797391920386,84340000,-2365.6993858367778,0.9212447738107028
48.65402906550725,83.09970332226858,4.825667104120812,76.4647114181209,0.033478342690880465,0.05,0.048919991227597236,0.03,0.01,0.15064323372817395,10,0.3654797391920386,84340000,-2365.6993858367778,0.9212447738107027
43.659982887599895,65.1535153821163,3.25516555850812,61.8210726312654,0.02877040520460889,0.05,0.02634060675131488,0.03,0.01,0.08642521144142971,10,0.6580746221666989,84340000,-2365.7230570749125,0.05737423676913777
43.659982887599895,65.1535153821163,3.25516555850812,61.8210726312654,0.028770405204608895,0.05,0.026340606751314888,0.03,0.01,0.08642521144142971,10,0.6580746221666989,84340000,-2365.7230570749125,0.05737423676913777
44.44099446834344,165.41081554376257,11.398404304760325,52.97113778204663,0.02808069204591014,0.05,0.02634407358826866,0.03,0.01,0.08684547338783086,10,0.6669482940427395,84340000,-2366.2011467039197,0.06720349097908654
44.44099446834344,165.41081554376257,11.398404304760323,52.97113778204663,0.028080692045910148,0.05,0.02634407358826866,0.03,0.01,0.08684547338783086,10,0.6669482940427395,84340000,-2366.2011467039197,0.06720349097908654
40.96802084443434,61.525569246807216,4.602105536093026,72.571120302536,0.03845822614640222,0.05,0.01951129163033138,0.03,0.01,0.15209141518774658,10,0.42495504410568335,84340000,-2366.300051183147,0.0410656795673856
40.96802084443434,61.525569246807216,4.602105536093026,72.571120302536,0.03845822614640222,0.05,0.019511291630331388,0.03,0.01,0.15209141518774658,10,0.42495504410568335,84340000,-2366.300051183147,0.041065679567385605
39.17801850787429,117.44983552325088,6.594732096189009,40.259419987639575,0.03187166355124884,0.05,0.02537173019656158,0.03,0.01,0.08880088888804429,10,0.6630856796656149,84340000,-2366.5182671427406,0.05294675387937871
39.17801850787429,117.44983552325088,6.594732096189009,40.259419987639575,0.03187166355124884,0.05,0.02537173019656158,0.03,0.01,0.08880088888804429,10,0.6630856796656149,84340000,-2366.518267142741,0.05294675387937871
53.122447905669866,94.81222742624624,12.79066295305401,12.589283044512824,0.0365032856298034,0.05,0.06993842601470983,0.03,0.01,0.18881960020491065,10,0.3061311165986825,84340000,-2367.3681043092656,0.15122550676367957
53.122447905669866,94.81222742624624,12.79066295305401,12.589283044512825,0.0365032856298034,0.05,0.06993842601470983,0.03,0.01,0.18881960020491065,10,0.3061311165986825,84340000,-2367.3681043092656,0.15122550676367957
38.29724225759772,67.86704425482893,5.506590764348677,58.67329227585179,0.03046824150337447,0.05,0.02765117273106146,0.03,0.01,0.07987258054410029,10,0.7285237792316661,84340000,-2369.233659935922,0.07782502138342316
38.29724225759772,67.86704425482893,5.506590764348677,58.67329227585179,0.030468241503374474,0.05,0.02765117273106146,0.03,0.01,0.07987258054410029,10,0.7285237792316661,84340000,-2369.233659935922,0.07782502138342316
35.994782710652075,100.43552507197126,6.454383480598801,34.450200552896646,0.02965317257465079,0.05,0.02552376064137785,0.03,0.01,0.07528700730182923,10,0.7860023011960695,84340000,-2369.797060628284,0.05094975343380056
35.994782710652075,100.43552507197126,6.454383480598801,34.450200552896646,0.029653172574650794,0.05,0.025523760641377857,0.03,0.01,0.07528700730182923,10,0.7860023011960695,84340000,-2369.797060628284,0.05094975343380056
39.7155060539367,151.40951416450346,6.048127581114266,66.11610645067535,0.02863483358818475,0.05,0.02626425681678421,0.03,0.01,0.07620844133520119,10,0.7533557330391032,84340000,-2370.024743599144,0.06421701909093366
39.7155060539367,151.40951416450346,6.048127581114266,66.11610645067535,0.02863483358818475,0.05,0.026264256816784213,0.03,0.01,0.07620844133520119,10,0.7533557330391032,84340000,-2370.024743599144,0.06421701909093366
39.68389977733935,90.91843033758929,3.548951432270804,45.88043631821306,0.02863066110939893,0.05,0.0266364306020785,0.03,0.01,0.07581945791829958,10,0.7704503140224196,84340000,-2370.377888488605,0.04140652809499656
39.68389977733935,90.91843033758927,3.548951432270804,45.88043631821306,0.028630661109398933,0.05,0.026636430602078504,0.03,0.01,0.07581945791829958,10,0.7704503140224196,84340000,-2370.377888488605,0.04140652809499656
36.499602465197135,47.90899638729165,1.006918800973089,53.843885880673106,0.02924932548476051,0.05,0.02569051057476474,0.03,0.01,0.07522892488062281,10,0.7875339338735994,84340000,-2370.9400540072065,0.06647135970679965
36.499602465197135,47.908996387291644,1.006918800973089,53.843885880673106,0.029249325484760516,0.05,0.025690510574764742,0.03,0.01,0.07522892488062281,10,0.7875339338735994,84340000,-2370.9400540072065,0.06647135970679965
37.81608813942329,112.587560062675,5.397011906024312,29.468712658386668,0.02799531423690401,0.05,0.02644258844563903,0.03,0.01,0.06968629509676794,10,0.8314783850761671,84340000,-2371.019207700729,0.03768934314727354
37.81608813942329,112.587560062675,5.397011906024312,29.468712658386668,0.027995314236904018,0.05,0.02644258844563903,0.03,0.01,0.06968629509676794,10,0.8314783850761671,84340000,-2371.019207700729,0.03768934314727354
38.30528055256466,85.37903298958548,12.891272822486968,37.17518411369863,0.02926271250941751,0.05,0.02445062127358381,0.03,0.01,0.07585353704834076,10,0.7829550892417739,84340000,-2371.3094796607083,0.03925812793566054
38.30528055256466,85.37903298958548,12.891272822486968,37.17518411369863,0.02926271250941751,0.05,0.024450621273583814,0.03,0.01,0.07585353704834076,10,0.7829550892417739,84340000,-2371.3094796607083,0.039258127935660546
37.104176705382415,76.42747134562077,1.8424155795491663,49.17656473881851,0.03089955625093169,0.05,0.0247352764450144,0.03,0.01,0.07914028130548863,10,0.7549943672797531,84340000,-2371.5298918462527,0.05013269476183953
37.104176705382415,76.42747134562077,1.8424155795491666,49.17656473881851,0.030899556250931697,0.05,0.024735276445014408,0.03,0.01,0.07914028130548863,10,0.7549943672797531,84340000,-2371.5298918462527,0.050132694761839534
36.90866666283935,41.212310939322244,1.5111546117171728,39.03138153793432,0.02878352275561022,0.05,0.02580387496357829,0.03,0.01,0.07010952028922719,10,0.8348317279407013,84340000,-2372.3342008313793,0.06975339176952791
36.90866666283935,41.212310939322244,1.5111546117171728,39.03138153793432,0.028783522755610223,0.05,0.02580387496357829,0.03,0.01,0.07010952028922719,10,0.8348317279407013,84340000,-2372.3342008313793,0.06975339176952791
35.782175391831906,157.29452072594745,2.3521708032253046,38.56780781920192,0.03934351091042305,0.05,0.02183616982719111,0.03,0.01,0.1247788932883047,10,0.516660364975574,84340000,-2372.345670158091,0.0548196637933565
35.782175391831906,157.29452072594745,2.3521708032253046,38.567807819201924,0.03934351091042305,0.05,0.021836169827191113,0.03,0.01,0.1247788932883047,10,0.516660364975574,84340000,-2372.345670158091,0.0548196637933565
33.76751405912514,96.89061584393606,5.459915775271013,52.45630463954979,0.0304673573168002,0.05,0.02529097727055967,0.03,0.01,0.06717788203746283,10,0.8813068869084905,84340000,-2375.7782209531815,0.04920794275091743
33.76751405912514,96.89061584393606,5.459915775271013,52.45630463954979,0.030467357316800205,0.05,0.025290977270559675,0.03,0.01,0.06717788203746283,10,0.8813068869084905,84340000,-2375.7782209531815,0.04920794275091743
54.49559484611806,118.65412020721192,3.955200223994383,36.068129690812064,0.03198431163106436,0.05,0.0690527336631047,0.03,0.01,0.15595203266091143,10,0.35530197326651297,84340000,-2376.4618006759997,5.908976513772533
54.49559484611806,118.65412020721192,3.9552002239943835,36.068129690812064,0.03198431163106436,0.05,0.0690527336631047,0.03,0.01,0.15595203266091145,10,0.35530197326651297,84340000,-2376.4618006759997,5.908976513772533
31.28908438388183,44.0602412609559,1.5642552616474308,48.07502728063187,0.04028757011880891,0.05,0.02192935981379655,0.03,0.01,0.11037366122377344,10,0.5829560634375817,84340000,-2377.3396070521862,0.10155369585059636
31.28908438388183,44.0602412609559,1.5642552616474308,48.07502728063187,0.04028757011880891,0.05,0.02192935981379655,0.03,0.01,0.11037366122377344,10,0.5829560634375817,84340000,-2377.3396070521862,0.10155369585059636
32.51614409022739,59.137589913533894,8.708608716902997,52.440615481400165,0.02927375004228226,0.05,0.02731896203680616,0.03,0.01,0.05953402902145161,10,0.9729260687170808,84340000,-2377.424209492068,0.0698764216287202
32.51614409022739,59.137589913533894,8.708608716902997,52.440615481400165,0.02927375004228226,0.05,0.02731896203680616,0.03,0.01,0.059534029021451614,10,0.9729260687170808,84340000,-2377.424209492068,0.0698764216287202
29.210567787389913,92.0303783870328,0.7000425063877599,43.968956430504875,0.03617956642013895,0.05,0.01962120168197195,0.03,0.01,0.08116636615405706,10,0.7685392416096515,84340000,-2379.6914623472503,0.03917913837212274
29.210567787389913,92.0303783870328,0.7000425063877599,43.968956430504875,0.03617956642013895,0.05,0.019621201681971952,0.03,0.01,0.08116636615405706,10,0.7685392416096515,84340000,-2379.6914623472503,0.039179138372122745
51.07204229642287,76.50167815873225,3.297554201953059,40.304994835785465,0.0391407907078673,0.05,0.0630536491483846,0.03,0.01,0.21670354451847615,10,0.27166187322593455,84340000,-2382.1023074060813,0.6069133588335535
51.07204229642287,76.50167815873225,3.297554201953059,40.304994835785465,0.0391407907078673,0.05,0.0630536491483846,0.03,0.01,0.21670354451847615,10,0.27166187322593455,84340000,-2382.1023074060813,0.6069133588335535
59.55374288664943,100.0536203554545,2.5814859251026623,35.26610672892165,0.03721208154948099,0.05,0.08593549224352644,0.03,0.01,0.2544595701570861,10,0.22229596506588237,84340000,-2382.135916743441,8.32145017201936
59.55374288664943,100.0536203554545,2.5814859251026623,35.26610672892165,0.03721208154948099,0.05,0.08593549224352644,0.03,0.01,0.2544595701570861,10,0.22229596506588237,84340000,-2382.135916743441,8.32145017201936
55.636125216957154,74.34397006419212,8.2200930050308,61.19267663309227,0.03607102252345898,0.05,0.06884588046402092,0.03,0.01,0.19821466542459565,10,0.2796025779968595,84340000,-2385.41190143738,4.25967564835631
55.636125216957154,74.34397006419212,8.2200930050308,61.19267663309227,0.03607102252345898,0.05,0.06884588046402092,0.03,0.01,0.19821466542459565,10,0.2796025779968595,84340000,-2385.41190143738,4.25967564835631
34.81956748196544,115.43700076131492,9.689944403665,21.625302274756297,0.03008103372144274,0.05,0.04881481465430504,0.03,0.01,0.06345329271658558,10,0.8685248071561513,84340000,-2385.6239330383905,0.30252523607725973
34.81956748196544,115.43700076131493,9.689944403664999,21.625302274756297,0.030081033721442746,0.05,0.048814814654305046,0.03,0.01,0.06345329271658558,10,0.8685248071561513,84340000,-2385.6239330383905,0.30252523607725973
26.18986249855176,118.83308683879687,3.411171822728409,63.31373701932799,0.04506642260352053,0.05,0.02130240892666958,0.03,0.01,0.10424127440341636,10,0.6278077666123222,84340000,-2391.4495607588037,0.10168976355129276
26.189862498551758,118.83308683879687,3.411171822728409,63.31373701932799,0.045066422603520534,0.05,0.02130240892666958,0.03,0.01,0.10424127440341635,10,0.6278077666123222,84340000,-2391.4495607588037,0.10168976355129275
45.28063377707835,105.33745370203664,7.149366793479666,43.968429882141784,0.05725785471551085,0.05,0.03783013596474301,0.03,0.01,0.3693161549983816,10,0.17930959291701398,84340000,-2392.613254660752,0.13543271472567886
45.28063377707835,105.33745370203664,7.149366793479666,43.968429882141784,0.057257854715510856,0.05,0.037830135964743015,0.03,0.01,0.3693161549983816,10,0.17930959291701398,84340000,-2392.613254660752,0.13543271472567886
40.38467254269654,76.17025940296527,1.240734853752417,24.181907392337777,0.0342720406970443,0.05,0.07616265929772868,0.03,0.01,0.11271715994098402,10,0.483703654778566,84340000,-2393.685464496344,2.4650628506970182
40.38467254269654,76.17025940296527,1.240734853752417,24.181907392337777,0.0342720406970443,0.05,0.07616265929772868,0.03,0.01,0.11271715994098402,10,0.483703654778566,84340000,-2393.685464496344,2.4650628506970182
49.30201065128366,143.36432221290988,6.538520739430456,15.59773954394798,0.03115186439462027,0.05,0.08178655184476902,0.03,0.01,0.1123854319778696,10,0.4994188431441091,84340000,-2394.5890612927633,0.8149158478242254
49.30201065128366,143.36432221290988,6.538520739430456,15.59773954394798,0.031151864394620272,0.05,0.08178655184476902,0.03,0.01,0.1123854319778696,10,0.4994188431441091,84340000,-2394.5890612927633,0.8149158478242254
37.35989618149612,59.02836184870358,9.353320931205213,39.13781457472988,0.03293778241302856,0.05,0.06245785404057288,0.03,0.01,0.09947135959807547,10,0.5635877628576422,84340000,-2395.632632213457,0.9733915309321984
37.35989618149612,59.02836184870358,9.353320931205213,39.13781457472988,0.03293778241302856,0.05,0.06245785404057288,0.03,0.01,0.09947135959807549,10,0.5635877628576422,84340000,-2395.632632213457,0.9733915309321983
32.545741768784396,63.53467719176904,3.543399660947348,34.98167596594715,0.03342417523593278,0.05,0.05414304299613398,0.03,0.01,0.06785809051857132,10,0.8086491867223876,84340000,-2396.2606171179027,2.086108649172969
32.545741768784396,63.53467719176904,3.543399660947348,34.98167596594715,0.03342417523593278,0.05,0.05414304299613398,0.03,0.01,0.06785809051857132,10,0.8086491867223876,84340000,-2396.2606171179027,2.0861086491729686
23.643623655395302,77.67583728121387,3.5992060313558727,66.97469015820583,0.04259191394990046,0.05,0.02338407111413909,0.03,0.01,0.07712635186136663,10,0.8261926858219518,84340000,-2396.3226945308465,0.3862329653898385
23.643623655395306,77.67583728121387,3.5992060313558727,66.97469015820583,0.04259191394990046,0.05,0.023384071114139093,0.03,0.01,0.07712635186136663,10,0.8261926858219518,84340000,-2396.3226945308465,0.3862329653898385
38.460638641481346,148.2924013305329,3.396158198456958,43.78058143133196,0.03728200143006013,0.05,0.06078960852504792,0.03,0.01,0.11368250786645688,10,0.5079209630913255,84340000,-2401.701130568799,1.4416065003397402
38.460638641481346,148.2924013305329,3.396158198456958,43.78058143133196,0.03728200143006013,0.05,0.06078960852504792,0.03,0.01,0.11368250786645688,10,0.5079209630913255,84340000,-2401.701130568799,1.4416065003397402
36.66174304119309,85.06990966650199,10.65960192086487,55.63807383379661,0.03843367687792299,0.05,0.05630684861363737,0.03,0.01,0.10512289484677682,10,0.5449171319815574,84340000,-2402.999107338393,2.328956306129763
36.661743041193084,85.06990966650199,10.65960192086487,55.63807383379661,0.03843367687792299,0.05,0.05630684861363737,0.03,0.01,0.10512289484677682,10,0.5449171319815574,84340000,-2402.999107338393,2.328956306129763
30.72600619422927,116.35624518952012,4.575125041120488,26.79568568402209,0.03493954711858866,0.05,0.05616738257493415,0.03,0.01,0.06723164558954073,10,0.8174016479909659,84340000,-2403.3517962198903,0.6369837897304117
30.72600619422927,116.35624518952011,4.575125041120488,26.79568568402209,0.03493954711858866,0.05,0.05616738257493415,0.03,0.01,0.06723164558954073,10,0.8174016479909659,84340000,-2403.3517962198903,0.6369837897304117
25.73953088426402,74.6532584644976,1.7887877042880256,40.192483524095024,0.03906170517719888,0.05,0.03260657304881515,0.03,0.01,0.06276181099305157,10,0.9641681203859308,84340000,-2404.427765020177,0.38317274899493103
25.73953088426402,74.6532584644976,1.7887877042880256,40.192483524095024,0.03906170517719888,0.05,0.03260657304881515,0.03,0.01,0.06276181099305157,10,0.9641681203859308,84340000,-2404.427765020177,0.38317274899493103
27.484110836640397,98.89476874636858,1.836190297043632,54.39226824357914,0.03398462044853429,0.05,0.05194586829716993,0.03,0.01,0.05785208400876444,10,0.971632839613502,84340000,-2406.249388960224,9.202388194754102
27.484110836640397,98.89476874636858,1.836190297043632,54.39226824357914,0.03398462044853429,0.05,0.051945868297169934,0.03,0.01,0.05785208400876444,10,0.971632839613502,84340000,-2406.249388960224,9.202388194754102
33.06245347322249,72.15470368042348,5.714642734357867,42.64424387278987,0.0323143272669157,0.05,0.06433849552014878,0.03,0.01,0.06938419015771152,10,0.7729476941648419,84340000,-2406.33078608291,6.59933563849722
33.06245347322249,72.15470368042348,5.714642734357867,42.64424387278987,0.0323143272669157,0.05,0.06433849552014878,0.03,0.01,0.06938419015771152,10,0.7729476941648419,84340000,-2406.33078608291,6.59933563849722
43.465589510195024,77.82494818814037,3.3468126306595107,22.716409430117295,0.0473251035683592,0.05,0.07381463862934778,0.03,0.01,0.22315357038785075,10,0.26975246343593146,84340000,-2406.784704287172,4.069479086675041
43.465589510195024,77.82494818814037,3.3468126306595107,22.716409430117295,0.0473251035683592,0.05,0.07381463862934778,0.03,0.01,0.22315357038785077,10,0.26975246343593146,84340000,-2406.784704287172,4.069479086675041
45.13710100237982,76.27042652687213,2.3321243087706427,26.084491246449268,0.03320159410744085,0.05,0.07998986099192108,0.03,0.01,0.12227244736487176,10,0.44925154624683655,84340000,-2406.82445759471,0.9469444929581894
45.13710100237982,76.27042652687213,2.3321243087706427,26.084491246449268,0.03320159410744085,0.05,0.07998986099192108,0.03,0.01,0.12227244736487176,10,0.44925154624683655,84340000,-2406.82445759471,0.9469444929581894
25.91619901190658,155.6416051977138,11.412934629614496,52.07772481820702,0.05036669874426316,0.05,0.01729041429778909,0.03,0.01,0.1330073475368398,10,0.5402845226839561,84340000,-2407.1381346928397,0.0409516689370906
25.91619901190658,155.6416051977138,11.412934629614496,52.07772481820702,0.050366698744263166,0.05,0.01729041429778909,0.03,0.01,0.1330073475368398,10,0.5402845226839561,84340000,-2407.1381346928397,0.0409516689370906
64.95109802755388,78.24841698944476,5.630817599831564,70.9059722777644,0.03545559261245365,0.05,0.08669815009104942,0.03,0.01,0.22644948515021676,10,0.23583279887770067,84340000,-2408.7741142347513,0.8314884571868837
64.95109802755388,78.24841698944476,5.630817599831564,70.9059722777644,0.03545559261245365,0.05,0.08669815009104942,0.03,0.01,0.22644948515021676,10,0.23583279887770067,84340000,-2408.7741142347513,0.8314884571868837
35.07137602689032,100.44257441723612,2.6948058171938967,31.09684042907843,0.04273356435408123,0.05,0.05443315026583546,0.03,0.01,0.12204196605554936,10,0.47686675097374953,84340000,-2409.738840743502,2.5356130260502106
35.07137602689032,100.44257441723613,2.6948058171938967,31.09684042907843,0.04273356435408123,0.05,0.05443315026583546,0.03,0.01,0.12204196605554937,10,0.47686675097374953,84340000,-2409.738840743502,2.5356130260502106
50.9742545257282,113.0818121308373,0.9318540082626042,35.590911232065835,0.03996258793032918,0.05,0.08409818744328329,0.03,0.01,0.20169341093457688,10,0.2843833331660778,84340000,-2410.1433220719323,0.7742934637945517
50.9742545257282,113.0818121308373,0.9318540082626042,35.590911232065835,0.03996258793032918,0.05,0.08409818744328329,0.03,0.01,0.20169341093457688,10,0.2843833331660778,84340000,-2410.1433220719323,0.7742934637945517
22.430270061239824,105.47017436617978,5.199074279949686,36.457350695708016,0.04970758794859298,0.05,0.01953291440154529,0.03,0.01,0.10037980483549204,10,0.6931251802811786,84340000,-2411.4230236473695,0.05722082274064245
22.430270061239824,105.47017436617978,5.199074279949686,36.457350695708016,0.04970758794859298,0.05,0.019532914401545295,0.03,0.01,0.10037980483549203,10,0.6931251802811786,84340000,-2411.4230236473695,0.057220822740642455
38.91802921629859,103.9939653019927,5.065306119097533,127.77262221800564,0.08761834431236765,0.05,0.02026885505272264,0.03,0.01,0.7495881069348445,10,0.10476340694678582,84340000,-2412.1398774596073,0.15525627945401077
38.91802921629859,103.9939653019927,5.065306119097533,127.77262221800565,0.08761834431236765,0.05,0.02026885505272264,0.03,0.01,0.7495881069348445,10,0.10476340694678582,84340000,-2412.1398774596073,0.15525627945401077
36.94030094618788,60.34665454935954,5.828923193509654,41.19214251528245,0.03439360056229029,0.05,0.07600581959540138,0.03,0.01,0.10337965573769405,10,0.5321667611292882,84340000,-2415.7109650729785,5.885773948132728
36.94030094618788,60.34665454935954,5.828923193509654,41.19214251528245,0.034393600562290294,0.05,0.07600581959540138,0.03,0.01,0.10337965573769405,10,0.5321667611292882,84340000,-2415.7109650729785,5.885773948132728
39.02339897132871,70.74326418720614,5.460718329550538,35.7499343336311,0.03768772479968554,0.05,0.07462582493081847,0.03,0.01,0.11822967768334867,10,0.4834202593680754,84340000,-2417.522625528552,3.7100828079887846
39.02339897132871,70.74326418720614,5.460718329550538,35.7499343336311,0.03768772479968554,0.05,0.07462582493081847,0.03,0.01,0.11822967768334869,10,0.4834202593680754,84340000,-2417.522625528552,3.7100828079887846
33.80965701796462,62.274204983781864,0.7954024275105305,48.357072160982725,0.0391792358601053,0.05,0.06543456717568351,0.03,0.01,0.1032376267621012,10,0.565128872394898,84340000,-2419.307219708558,0.6478837073451803
33.80965701796462,62.274204983781864,0.7954024275105305,48.357072160982725,0.039179235860105306,0.05,0.06543456717568351,0.03,0.01,0.10323762676210119,10,0.565128872394898,84340000,-2419.307219708558,0.6478837073451803
22.605832001390823,126.84753445831554,0.7133730565306005,26.302627040817555,0.04102032470779612,0.05,0.05661508777974729,0.03,0.01,0.06802330481451241,10,0.8571394774963108,84340000,-2423.886561171383,3.453321568747783
22.605832001390823,126.84753445831554,0.7133730565306005,26.302627040817555,0.041020324707796124,0.05,0.05661508777974729,0.03,0.01,0.06802330481451241,10,0.8571394774963108,84340000,-2423.886561171383,3.453321568747783
28.58739917090555,41.70145632909916,7.977015570469953,42.62803122391649,0.03175723472667818,0.05,0.06560620873661062,0.03,0.01,0.05779161072142695,10,0.938807159887655,84340000,-2426.764293045307,4.013766454639007
28.58739917090555,41.70145632909916,7.977015570469953,42.62803122391649,0.03175723472667818,0.05,0.06560620873661062,0.03,0.01,0.05779161072142695,10,0.938807159887655,84340000,-2426.764293045307,4.013766454639007
39.176512329947855,93.71980271777689,6.686947674437483,29.341203536185905,0.03519867940942401,0.05,0.09135803911431166,0.03,0.01,0.09995881998288532,10,0.5455285739819223,84340000,-2426.9338906691705,11.5512606541946
39.176512329947855,93.71980271777687,6.686947674437483,29.341203536185905,0.03519867940942401,0.05,0.09135803911431166,0.03,0.01,0.09995881998288533,10,0.5455285739819223,84340000,-2426.9338906691705,11.5512606541946
30.74090968123708,88.86042991987959,3.5307044063373225,60.556023597606746,0.04172239733899734,0.05,0.06223941136317335,0.03,0.01,0.09677501393706776,10,0.6052738915593108,84340000,-2428.7818452920583,8.735436865029751
30.740909681237078,88.86042991987959,3.5307044063373225,60.556023597606746,0.04172239733899734,0.05,0.062239411363173354,0.03,0.01,0.09677501393706775,10,0.6052738915593108,84340000,-2428.7818452920583,8.735436865029751
41.49760062119314,85.62743740039782,2.275573653224507,34.87802793570442,0.062810681321277,0.05,0.05174678717483117,0.03,0.01,0.3629326376521838,10,0.1834272512883973,84340000,-2430.4699565373985,0.17261924135668225
41.49760062119314,85.62743740039782,2.2755736532245074,34.87802793570442,0.062810681321277,0.05,0.05174678717483117,0.03,0.01,0.3629326376521838,10,0.18342725128839726,84340000,-2430.4699565373985,0.17261924135668225
34.340763909255564,48.433510025015934,4.219711371262299,72.77073359664699,0.08486034846747777,0.05,0.02575413319641053,0.03,0.01,0.5577983883496347,10,0.13688808640698663,84340000,-2432.0198519484175,0.14584860158573856
34.340763909255564,48.433510025015934,4.219711371262299,72.77073359664699,0.08486034846747777,0.05,0.025754133196410536,0.03,0.01,0.5577983883496347,10,0.13688808640698663,84340000,-2432.0198519484175,0.14584860158573856
25.48396170728097,76.61696833469604,1.0372240413921254,50.52212422210584,0.04377490729170721,0.05,0.05686727477509645,0.03,0.01,0.08457092056010039,10,0.6774246274045946,84340000,-2434.050853964775,5.095631901952049
25.48396170728097,76.61696833469604,1.0372240413921254,50.52212422210584,0.043774907291707216,0.05,0.05686727477509645,0.03,0.01,0.08457092056010039,10,0.6774246274045946,84340000,-2434.050853964775,5.095631901952049
32.744562186154866,124.4562439714606,2.2636987761045373,42.3325294694395,0.04135156940990683,0.05,0.08255922932286539,0.03,0.01,0.11564342302609636,10,0.5147862645441709,84340000,-2437.402675455052,10.748480776233578
32.744562186154866,124.45624397146061,2.2636987761045373,42.3325294694395,0.04135156940990683,0.05,0.08255922932286539,0.03,0.01,0.11564342302609636,10,0.5147862645441709,84340000,-2437.402675455052,10.748480776233578
38.684497552938595,140.76298548490132,4.390453045154629,69.15717370638971,0.03021383577911022,0.05,0.0747366718053854,0.03,0.01,0.08063726549274776,10,0.6737584952234521,84340000,-2440.6823842026947,7.522120723215467
38.684497552938595,140.76298548490132,4.390453045154629,69.15717370638971,0.03021383577911022,0.05,0.0747366718053854,0.03,0.01,0.08063726549274776,10,0.6737584952234521,84340000,-2440.6823842026947,7.522120723215467
21.862520741510316,63.97737791632411,2.0400561337555576,48.305273694416655,0.06893140983743325,0.05,0.02053954195031197,0.03,0.01,0.185926599222158,10,0.40391348088295514,84340000,-2441.9274248047823,0.09284419025520624
21.862520741510316,63.97737791632411,2.0400561337555576,48.305273694416655,0.06893140983743325,0.05,0.020539541950311973,0.03,0.01,0.185926599222158,10,0.40391348088295514,84340000,-2441.9274248047823,0.09284419025520624
32.83764804759066,137.87493788827078,5.223942226281575,24.764256671359934,0.03237053115681675,0.05,0.07550567122369096,0.03,0.01,0.05537614190780149,10,0.9739083748042598,84340000,-2443.590327666936,1.5942239049999625
32.83764804759066,137.87493788827078,5.223942226281575,24.764256671359938,0.032370531156816755,0.05,0.07550567122369096,0.03,0.01,0.05537614190780149,10,0.9739083748042598,84340000,-2443.590327666936,1.5942239049999625
27.78646213594534,106.4524798589378,3.400737390862264,22.05225465960733,0.0465820292046438,0.05,0.06629462764504705,0.03,0.01,0.10248353738123048,10,0.5612825587816817,84340000,-2445.094962404964,0.445364377759175
27.78646213594534,106.4524798589378,3.400737390862264,22.05225465960733,0.0465820292046438,0.05,0.06629462764504705,0.03,0.01,0.10248353738123048,10,0.5612825587816817,84340000,-2445.094962404964,0.445364377759175
32.3671178481716,130.84319054516735,2.213392212077238,28.332123274294013,0.03992799387853235,0.05,0.08972712806941568,0.03,0.01,0.09592831213121644,10,0.5931773368018735,84340000,-2450.7162023411697,1.1623421371765998
32.3671178481716,130.84319054516735,2.213392212077238,28.332123274294013,0.03992799387853235,0.05,0.08972712806941568,0.03,0.01,0.09592831213121643,10,0.5931773368018735,84340000,-2450.7162023411697,1.1623421371765998
22.472139807863677,87.65376900883773,2.502406191484294,157.1272779255029,0.15210131053118617,0.05,0.01765350503031842,0.03,0.01,0.8043800186940506,10,0.10543585083022591,84340000,-2452.417955467903,0.3727818539925681
22.472139807863677,87.65376900883773,2.502406191484294,157.1272779255029,0.15210131053118617,0.05,0.017653505030318428,0.03,0.01,0.8043800186940506,10,0.10543585083022593,84340000,-2452.417955467903,0.3727818539925681
17.246786555729624,127.63596825470847,1.7529240075951595,69.20827429391686,0.05562597257208024,0.05,0.02801010985260971,0.03,0.01,0.07657186879511899,10,0.8878780038539151,84340000,-2456.30436292856,2.03671165711759
17.246786555729624,127.63596825470849,1.7529240075951595,69.20827429391686,0.05562597257208024,0.05,0.02801010985260971,0.03,0.01,0.07657186879511899,10,0.8878780038539151,84340000,-2456.30436292856,2.03671165711759
23.489523127097748,197.0731859122733,5.760972932553638,40.899249102807616,0.04912199522344342,0.05,0.05057794142028897,0.03,0.01,0.0956617146263526,10,0.6747616994824157,84340000,-2459.825160930825,1.0384666457185234
23.489523127097748,197.0731859122733,5.760972932553638,40.899249102807616,0.04912199522344342,0.05,0.05057794142028897,0.03,0.01,0.0956617146263526,10,0.6747616994824157,84340000,-2459.825160930825,1.0384666457185234
26.82122893225432,155.70826986406587,3.8758484194070624,30.75881698499029,0.05740797376063678,0.05,0.0582310144927763,0.03,0.01,0.15283809090210296,10,0.4088331750096516,84340000,-2461.205991584468,0.8420659459757278
26.821228932254318,155.70826986406587,3.8758484194070624,30.758816984990286,0.057407973760636784,0.05,0.0582310144927763,0.03,0.01,0.15283809090210296,10,0.4088331750096516,84340000,-2461.205991584468,0.8420659459757278
30.45850645752991,132.43600418945198,4.4239335705315606,42.0054552229297,0.03219678032933499,0.05,0.08628895365919156,0.03,0.01,0.05609919425417931,10,0.9790496690046616,84340000,-2461.653381214022,10.35998018656685
30.45850645752991,132.43600418945198,4.4239335705315606,42.0054552229297,0.03219678032933499,0.05,0.08628895365919156,0.03,0.01,0.05609919425417931,10,0.9790496690046615,84340000,-2461.653381214022,10.35998018656685
22.89030341039115,86.04278792138112,0.9478397203421692,54.53389283906023,0.08121233082856046,0.05,0.01829627274707175,0.03,0.01,0.2932508097984682,10,0.2835091659383765,84340000,-2461.6705364236427,0.2071763217240721
22.89030341039115,86.04278792138112,0.9478397203421691,54.53389283906023,0.08121233082856046,0.05,0.018296272747071757,0.03,0.01,0.2932508097984682,10,0.2835091659383765,84340000,-2461.6705364236427,0.2071763217240721
19.348106897024003,98.42967477533516,5.333706945794478,42.565015364262976,0.04479493407235171,0.05,0.06608440432542752,0.03,0.01,0.06470664066139573,10,0.932509922145918,84340000,-2463.1044479551683,2.2478787401126294
19.348106897024003,98.42967477533517,5.333706945794478,42.565015364262976,0.044794934072351716,0.05,0.06608440432542752,0.03,0.01,0.06470664066139573,10,0.932509922145918,84340000,-2463.1044479551683,2.2478787401126294
22.302834716400465,72.95058640728246,2.7231278145570785,57.47271445062432,0.08904581798233421,0.05,0.02062964032428097,0.03,0.01,0.32590132910078423,10,0.2481384119752616,84340000,-2463.155077203214,0.29206434293640654
22.302834716400465,72.95058640728246,2.7231278145570785,57.472714450624316,0.08904581798233421,0.05,0.020629640324280975,0.03,0.01,0.32590132910078423,10,0.2481384119752616,84340000,-2463.155077203214,0.29206434293640654
17.363380130451926,56.19677005800111,10.257787843627296,215.0611046823233,0.2437710744801246,0.05,0.01605753474957659,0.03,0.01,0.8934259796664499,10,0.09530510108384038,84340000,-2467.3693094288383,0.15439856531834503
17.363380130451926,56.19677005800111,10.257787843627295,215.0611046823233,0.2437710744801246,0.05,0.01605753474957659,0.03,0.01,0.8934259796664499,10,0.09530510108384038,84340000,-2467.3693094288383,0.15439856531834503
29.790250913250016,61.82065685334064,3.486767096076637,61.6601900214226,0.03234947010013059,0.05,0.0782340441830783,0.03,0.01,0.0554152244283392,10,0.944023154056076,84340000,-2468.2523789121506,0.9687330434382304
29.790250913250016,61.820656853340644,3.486767096076637,61.6601900214226,0.03234947010013059,0.05,0.0782340441830783,0.03,0.01,0.0554152244283392,10,0.944023154056076,84340000,-2468.2523789121506,0.9687330434382305
21.262743457646483,107.30603722741006,9.278342382757456,93.29688199401195,0.1141345080531248,0.05,0.015906942505854,0.03,0.01,0.5228627542150414,10,0.17369618091034367,84340000,-2472.092455979734,0.4944337675962237
21.262743457646483,107.30603722741006,9.278342382757456,93.29688199401195,0.1141345080531248,0.05,0.015906942505854005,0.03,0.01,0.5228627542150414,10,0.17369618091034367,84340000,-2472.092455979734,0.4944337675962237
28.11451841254317,157.44656791330087,13.37468256284721,30.818882107524896,0.0322205405522941,0.05,0.10200088254114732,0.03,0.01,0.05933437612973298,10,0.9201954331447132,84340000,-2472.831163554035,8.812208068374549
28.114518412543166,157.44656791330087,13.37468256284721,30.818882107524896,0.0322205405522941,0.05,0.10200088254114731,0.03,0.01,0.05933437612973298,10,0.9201954331447133,84340000,-2472.831163554035,8.812208068374549
15.120891679395084,96.48802718415092,0.817725553096114,22.996752455308517,0.06511654628252447,0.05,0.02650038863419202,0.03,0.01,0.08965185752281031,10,0.808365676366267,84340000,-2476.375087420787,0.10484780962375469
15.120891679395083,96.48802718415091,0.817725553096114,22.996752455308517,0.06511654628252447,0.05,0.02650038863419202,0.03,0.01,0.08965185752281031,10,0.808365676366267,84340000,-2476.375087420787,0.10484780962375469
22.165247016633806,149.0642224584396,2.0279222985683174,59.88981183748622,0.102218027497954,0.05,0.0211444694076218,0.03,0.01,0.3980218302136328,10,0.2060373242581353,84340000,-2476.572811773181,0.3877045943597319
22.165247016633806,149.0642224584396,2.0279222985683174,59.88981183748622,0.10221802749795401,0.05,0.021144469407621807,0.03,0.01,0.3980218302136328,10,0.2060373242581353,84340000,-2476.572811773181,0.3877045943597319
14.752347587706549,97.40084142845846,7.1729512313445944,58.35951594286587,0.07977560476969446,0.05,0.01793529048339167,0.03,0.01,0.13358323105357797,10,0.5816766899322015,84340000,-2477.0790687008384,0.07710962027683721
14.752347587706549,97.40084142845846,7.1729512313445944,58.35951594286587,0.07977560476969446,0.05,0.017935290483391677,0.03,0.01,0.13358323105357797,10,0.5816766899322015,84340000,-2477.0790687008384,0.07710962027683721
18.179477462267695,74.93176541672014,0.6214655397953827,145.853247026917,0.11829915868135953,0.05,0.0127777622513714,0.03,0.01,0.40545611969432593,10,0.2297577410712484,84340000,-2482.100812003622,0.3214361114516452
18.179477462267695,74.93176541672014,0.6214655397953827,145.853247026917,0.11829915868135953,0.05,0.0127777622513714,0.03,0.01,0.40545611969432593,10,0.22975774107124838,84340000,-2482.100812003622,0.3214361114516452
18.274985451896885,43.41593951150324,2.626665975611504,49.21390487616235,0.08866169336135796,0.05,0.02082401899968478,0.03,0.01,0.21312818337554207,10,0.3709692107104742,84340000,-2485.2515564010127,0.2939640011991207
18.274985451896885,43.41593951150324,2.626665975611504,49.21390487616235,0.08866169336135796,0.05,0.020824018999684786,0.03,0.01,0.21312818337554207,10,0.3709692107104742,84340000,-2485.2515564010127,0.2939640011991207
34.35742323725392,86.89539926554434,7.1369823901215534,42.899838115172365,0.03127566852012652,0.05,0.1065131730041462,0.03,0.01,0.07617428932568142,10,0.7290498747370201,84340000,-2486.513013619309,2.685471459565228
34.35742323725392,86.89539926554434,7.1369823901215534,42.899838115172365,0.031275668520126525,0.05,0.10651317300414621,0.03,0.01,0.07617428932568142,10,0.7290498747370201,84340000,-2486.513013619309,2.685471459565228
20.991388512605763,61.16069743385063,5.966622162674271,29.753618913837137,0.04270528502797864,0.05,0.09116304605415092,0.03,0.01,0.05881564561298162,10,0.9594680276785402,84340000,-2488.7017716566925,4.433331703124253
20.991388512605763,61.16069743385063,5.966622162674271,29.753618913837137,0.04270528502797864,0.05,0.09116304605415093,0.03,0.01,0.05881564561298162,10,0.9594680276785402,84340000,-2488.7017716566925,4.433331703124253
27.80095938489549,80.4262563004676,9.280924909390505,48.298104282951535,0.07566443820208038,0.05,0.04974296534849973,0.03,0.01,0.2983471362647094,10,0.23971077765373536,84340000,-2489.7820973009966,0.5168888563063356
27.80095938489549,80.4262563004676,9.280924909390505,48.298104282951535,0.07566443820208038,0.05,0.049742965348499736,0.03,0.01,0.2983471362647094,10,0.23971077765373536,84340000,-2489.7820973009966,0.5168888563063356
14.940541040579802,146.5502912185549,4.5624910729777,120.223300470696,0.12392906178198024,0.05,0.01333639335645118,0.03,0.01,0.32664492844598625,10,0.282136593029408,84340000,-2493.1101183320516,0.09114276236924392
14.940541040579802,146.5502912185549,4.5624910729777,120.22330047069599,0.12392906178198024,0.05,0.013336393356451181,0.03,0.01,0.32664492844598625,10,0.282136593029408,84340000,-2493.1101183320516,0.09114276236924392
21.133530424602448,52.287884907635465,0.8375843966572123,56.22596463211168,0.117332831361234,0.05,0.0260259238231434,0.03,0.01,0.4810689180220499,10,0.174701177687392,84340000,-2494.0833785239747,0.4572884411878608
21.133530424602448,52.287884907635465,0.8375843966572123,56.22596463211168,0.11733283136123401,0.05,0.026025923823143407,0.03,0.01,0.4810689180220499,10,0.174701177687392,84340000,-2494.0833785239747,0.45728844118786083
28.68971662253119,160.22810557400376,7.911592367241746,36.37336728472033,0.03072821831030862,0.05,0.10352563059190224,0.03,0.01,0.05516645767487187,10,0.9668746248330012,84340000,-2494.726716481958,3.7396426659171382
28.68971662253119,160.22810557400376,7.911592367241746,36.37336728472033,0.030728218310308624,0.05,0.10352563059190224,0.03,0.01,0.05516645767487187,10,0.9668746248330012,84340000,-2494.726716481958,3.7396426659171387
18.0302110779434,91.72239606980604,11.451498310498543,75.19314090259864,0.12794807803119365,0.05,0.01851025361749678,0.03,0.01,0.4760239353324795,10,0.1930414871535504,84340000,-2494.7464008165252,0.2157426428286736
18.0302110779434,91.72239606980604,11.451498310498545,75.19314090259864,0.12794807803119365,0.05,0.018510253617496784,0.03,0.01,0.4760239353324795,10,0.1930414871535504,84340000,-2494.7464008165252,0.21574264282867361
16.088339663296,127.14302065704386,1.5108349443889924,44.97443364316617,0.0991363439424945,0.05,0.02069005130553288,0.03,0.01,0.2245220156059249,10,0.3592881141596314,84340000,-2499.3080989801124,0.26727250737553604
16.088339663296,127.14302065704386,1.5108349443889924,44.97443364316617,0.0991363439424945,0.05,0.02069005130553288,0.03,0.01,0.2245220156059249,10,0.3592881141596314,84340000,-2499.3080989801124,0.26727250737553604
22.01291772096581,75.22163972653603,8.621513636540183,35.1208449516094,0.03865056945185136,0.05,0.10090990305317038,0.03,0.01,0.05890277943024956,10,0.9725795572509208,84340000,-2506.331792994432,0.7118477774757598
22.01291772096581,75.22163972653603,8.621513636540183,35.1208449516094,0.038650569451851365,0.05,0.10090990305317038,0.03,0.01,0.05890277943024956,10,0.9725795572509209,84340000,-2506.331792994432,0.7118477774757598
20,50,1,50,0.18,0.02,0.05,0.02,0.01,0.6,10,0.1,84340000,-2507.142996477871,0.850847301016895
19.184082690238956,46.79903397480424,8.977447623803625,55.30131723801642,0.15817056590929685,0.05,0.03051283548074124,0.03,0.01,0.6666357685964379,10,0.1246467944494678,84340000,-2509.630366770212,0.32065219703526054
19.184082690238956,46.79903397480424,8.977447623803625,55.30131723801642,0.15817056590929685,0.05,0.03051283548074124,0.03,0.01,0.6666357685964379,10,0.1246467944494678,84340000,-2509.630366770212,0.32065219703526054
12.01802389763301,65.08206788884196,13.410749647030432,65.96422473655564,0.09591777005558996,0.05,0.01686015671166142,0.03,0.01,0.1334948684943354,10,0.613854466919715,84340000,-2510.1106823731534,0.10925809232747412
12.01802389763301,65.08206788884196,13.410749647030432,65.96422473655564,0.09591777005558996,0.05,0.016860156711661425,0.03,0.01,0.1334948684943354,10,0.613854466919715,84340000,-2510.1106823731534,0.10925809232747413
19.99582064451184,138.03143191243794,6.018913247158386,23.07433762226658,0.05300083237555747,0.05,0.11558137856543968,0.03,0.01,0.0925150305623584,10,0.6832000269862365,84340000,-2529.633605532642,10.383507505875334
19.99582064451184,138.03143191243794,6.018913247158386,23.07433762226658,0.05300083237555747,0.05,0.11558137856543967,0.03,0.01,0.09251503056235841,10,0.6832000269862365,84340000,-2529.633605532642,10.383507505875334
10.129477443275706,85.62239946030833,7.2256127728499076,74.71180943268456,0.12829496664398657,0.05,0.01294972082776598,0.03,0.01,0.1967388887209852,10,0.4931692537661847,84340000,-2535.3047484931044,0.18962150516902884
10.129477443275706,85.62239946030833,7.2256127728499076,74.71180943268456,0.12829496664398657,0.05,0.012949720827765984,0.03,0.01,0.1967388887209852,10,0.4931692537661847,84340000,-2535.3047484931044,0.18962150516902884
15.537200031200364,98.73413894875532,6.2839855431296,73.15501554393798,0.09563186137974992,0.05,0.03288165704340388,0.03,0.01,0.1698404902306577,10,0.4374068741626864,84340000,-2541.8264374155906,1.632637133861289
15.537200031200365,98.73413894875533,6.2839855431296,73.15501554393798,0.09563186137974991,0.05,0.032881657043403886,0.03,0.01,0.1698404902306577,10,0.43740687416268637,84340000,-2541.8264374155906,1.632637133861289
12.186123293452711,108.75914042570574,3.5965664601949463,44.32964065422787,0.0662812572888464,0.05,0.04888692496336137,0.03,0.01,0.07061969974449338,10,0.9599706026212108,84340000,-2547.611200178981,1.2003132754853962
12.186123293452713,108.75914042570574,3.5965664601949463,44.32964065422787,0.0662812572888464,0.05,0.048886924963361375,0.03,0.01,0.07061969974449338,10,0.9599706026212107,84340000,-2547.611200178981,1.2003132754853962
9.611787255860344,71.36818767366697,7.204014975019096,59.117941568993125,0.15758567507392596,0.05,0.01359132138588717,0.03,0.01,0.2459538161629119,10,0.4039058940946568,84340000,-2552.599468285466,0.4097962893938549
9.611787255860344,71.36818767366697,7.204014975019096,59.117941568993125,0.15758567507392596,0.05,0.013591321385887175,0.03,0.01,0.2459538161629119,10,0.4039058940946568,84340000,-2552.599468285466,0.4097962893938549
11.847284692828635,122.7350565292954,3.881775901153668,59.16101852892616,0.06950824887195477,0.05,0.06090410543407658,0.03,0.01,0.07862493261510049,10,0.8831439018143575,84340000,-2576.665620112836,5.181942010272169
11.847284692828635,122.73505652929539,3.8817759011536683,59.161018528926164,0.06950824887195477,0.05,0.06090410543407658,0.03,0.01,0.07862493261510049,10,0.8831439018143575,84340000,-2576.665620112836,5.181942010272169
16.342718791633686,119.60761642173068,7.928268234680733,67.67758463665746,0.05382901991990691,0.05,0.10675247341711255,0.03,0.01,0.06679168824667073,10,0.9173783545092916,84340000,-2578.506590995371,1.219919189659366
16.342718791633686,119.60761642173068,7.928268234680733,67.67758463665746,0.05382901991990691,0.05,0.10675247341711255,0.03,0.01,0.06679168824667073,10,0.9173783545092917,84340000,-2578.506590995371,1.219919189659366
14.295450896716337,52.71198133378561,2.2206278906689687,62.1933208707138,0.06704564654170272,0.05,0.07992708815759507,0.03,0.01,0.08619696243733302,10,0.7784025190850006,84340000,-2588.8477059420998,0.9476162545272254
14.295450896716336,52.71198133378561,2.2206278906689687,62.1933208707138,0.06704564654170272,0.05,0.07992708815759507,0.03,0.01,0.08619696243733302,10,0.7784025190850006,84340000,-2588.8477059421,0.9476162545272254
5.953276059978593,109.95771218626766,2.8067100209593976,37.28798557156831,0.1417431736946112,0.05,0.01215746503129545,0.03,0.01,0.10947510360904812,10,0.9356408377724652,84340000,-2590.155853420784,0.22220940004374415
5.953276059978593,109.95771218626766,2.8067100209593976,37.28798557156831,0.1417431736946112,0.05,0.01215746503129545,0.03,0.01,0.10947510360904811,10,0.9356408377724653,84340000,-2590.155853420784,0.22220940004374418
5.255845535413212,92.82077418945342,7.267496551462629,34.5970742008053,0.3884012523358621,0.05,0.01786481094298425,0.03,0.01,0.3784315407242075,10,0.2947607390320694,84340000,-2600.916464774115,0.5538813146928965
5.255845535413212,92.82077418945342,7.267496551462629,34.5970742008053,0.38840125233586204,0.05,0.017864810942984255,0.03,0.01,0.3784315407242075,10,0.2947607390320694,84340000,-2600.916464774115,0.5538813146928965
4.2078106514010285,113.12998693648863,5.576061535531298,85.90621498502007,0.2209646274831318,0.05,0.00946927986917962,0.03,0.01,0.12381207164076864,10,0.902910768967652,84340000,-2607.5861242831115,0.136655066934443
4.2078106514010285,113.12998693648863,5.576061535531298,85.90621498502007,0.2209646274831318,0.05,0.009469279869179628,0.03,0.01,0.12381207164076864,10,0.9029107689676521,84340000,-2607.5861242831115,0.13665506693444301
14.872759883462832,99.27828661315328,8.692398801945119,29.673955517142748,0.11346305553207892,0.05,0.07782536770945822,0.03,0.01,0.24421234698163047,10,0.31477849225689736,84340000,-2619.1573211070136,0.7425621721536342
14.872759883462832,99.27828661315328,8.692398801945119,29.673955517142748,0.11346305553207892,0.05,0.07782536770945822,0.03,0.01,0.24421234698163047,10,0.31477849225689736,84340000,-2619.1573211070136,0.7425621721536342
5.051322007297345,128.10156296771316,11.588113558998687,33.223338597011804,0.2257030388512381,0.05,0.02046444986790773,0.03,0.01,0.15427669030995753,10,0.6327652699771784,84340000,-2625.7350048940298,0.2538840874954126
5.051322007297345,128.10156296771316,11.588113558998687,33.223338597011804,0.2257030388512381,0.05,0.020464449867907734,0.03,0.01,0.15427669030995753,10,0.6327652699771784,84340000,-2625.7350048940298,0.2538840874954126
13.204534005361555,79.61896269647481,5.821268948378252,39.14554026422155,0.08514060006583259,0.05,0.09315129461378668,0.03,0.01,0.11315035744194891,10,0.6163552541151283,84340000,-2645.2774735197668,0.9940237956289428
13.204534005361557,79.61896269647481,5.821268948378252,39.14554026422155,0.08514060006583259,0.05,0.09315129461378668,0.03,0.01,0.11315035744194891,10,0.6163552541151283,84340000,-2645.2774735197668,0.9940237956289427
13.139258332181274,100.3438146111922,3.0993099702371265,37.1677074740242,0.06836838933199073,0.05,0.12208530707147304,0.03,0.01,0.07099871071999683,10,0.9629123739821072,84340000,-2648.4806762154985,1.7660513860492664
13.139258332181274,100.3438146111922,3.0993099702371265,37.1677074740242,0.06836838933199073,0.05,0.12208530707147305,0.03,0.01,0.07099871071999683,10,0.9629123739821072,84340000,-2648.4806762154985,1.7660513860492664
15.82612352305321,74.25004835307045,5.383448913349821,50.10739595114454,0.09083417238849842,0.05,0.1380159889128325,0.03,0.01,0.17489214782636062,10,0.4070490724950219,84340000,-2663.896607842248,1.3124839396118526
15.82612352305321,74.25004835307045,5.383448913349821,50.10739595114454,0.09083417238849842,0.05,0.1380159889128325,0.03,0.01,0.17489214782636062,10,0.4070490724950219,84340000,-2663.896607842248,1.3124839396118526
8.39573172149803,65.55519455155269,7.543795286228099,87.12836264654229,0.22797356458872017,0.05,0.03572843131523891,0.03,0.01,0.24163462183851747,10,0.3498669815387005,84340000,-2664.875084734133,1.035325087602687
8.39573172149803,65.55519455155269,7.543795286228099,87.12836264654229,0.22797356458872017,0.05,0.035728431315238916,0.03,0.01,0.24163462183851747,10,0.3498669815387005,84340000,-2664.875084734133,1.035325087602687
9.084785149794005,36.36378458522063,6.864580941192558,68.81130378907419,0.13348093942789227,0.05,0.04720020369818752,0.03,0.01,0.12859131009794594,10,0.6000796249644961,84340000,-2672.8761899338056,2.378748696990234
9.084785149794003,36.36378458522063,6.864580941192558,68.81130378907419,0.13348093942789227,0.05,0.047200203698187525,0.03,0.01,0.12859131009794594,10,0.6000796249644961,84340000,-2672.8761899338056,2.378748696990234
10.821583997143644,108.77871617349366,7.436390412799116,59.24539355741167,0.10244624787023553,0.05,0.06916640676449583,0.03,0.01,0.1116601588858747,10,0.6731301736235613,84340000,-2676.7143819391063,3.184427583971394
10.821583997143643,108.77871617349366,7.436390412799116,59.24539355741167,0.10244624787023553,0.05,0.06916640676449583,0.03,0.01,0.1116601588858747,10,0.6731301736235613,84340000,-2676.7143819391063,3.184427583971394
17.228739131334574,86.7814054633191,5.703829203486862,64.13327920677702,0.3788264861877191,0.05,0.07637442088116882,0.03,0.01,0.8281045402956247,10,0.06916013614288546,84340000,-2684.4638631607554,0.6070597239036842
17.228739131334574,86.7814054633191,5.703829203486862,64.13327920677702,0.3788264861877191,0.05,0.07637442088116882,0.03,0.01,0.8281045402956247,10,0.06916013614288546,84340000,-2684.4638631607554,0.6070597239036842
9.483574640962242,91.5802585567436,2.128155632266524,26.2267507279942,0.09855125597653036,0.05,0.07668073367066927,0.03,0.01,0.07833677789468484,10,0.9576423640167326,84340000,-2707.7451210862355,0.5891185595787715
9.483574640962242,91.5802585567436,2.128155632266524,26.2267507279942,0.09855125597653035,0.05,0.07668073367066927,0.03,0.01,0.07833677789468484,10,0.9576423640167326,84340000,-2707.7451210862355,0.5891185595787715
7.199328522067015,71.42594015107599,6.648572101511176,34.013020792871444,0.13056604301192878,0.05,0.07318155999353382,0.03,0.01,0.09108937911470164,10,0.8718369644941738,84340000,-2746.484371003413,0.7609025866848186
7.199328522067015,71.42594015107599,6.648572101511176,34.013020792871444,0.13056604301192878,0.05,0.07318155999353382,0.03,0.01,0.09108937911470165,10,0.8718369644941738,84340000,-2746.484371003413,0.7609025866848186
5.332535596860715,138.5636943453387,3.088879433456433,16.953400351884692,0.19042260639848593,0.05,0.05655024984357163,0.03,0.01,0.1068399777151872,10,0.7891339250507096,84340000,-2750.757153500414,0.33405325012064135
5.332535596860715,138.5636943453387,3.088879433456433,16.953400351884692,0.19042260639848593,0.05,0.05655024984357163,0.03,0.01,0.1068399777151872,10,0.7891339250507096,84340000,-2750.757153500414,0.33405325012064135
13.197518964576956,67.7372150220659,7.160136544624482,27.814938666656975,0.19737007647680865,0.05,0.0424311917019262,0.03,0.01,0.9671979881923698,10,0.14736999668407763,84340000,-2798.0685002694872,0.9742877923951409
13.197518964576956,67.7372150220659,7.160136544624482,27.814938666656975,0.19737007647680865,0.05,0.0424311917019262,0.03,0.01,0.9671979881923698,10,0.14736999668407763,84340000,-2798.0685002694872,0.9742877923951407
4.170582715387196,113.97034308549745,5.367961995903306,22.09646940114152,0.33320270686239944,0.05,0.0266598025140629,0.03,0.01,0.40977825814994046,10,0.4406294147319185,84340000,-2944.0640360758375,2.646857855461982
4.170582715387196,113.97034308549745,5.367961995903306,22.09646940114152,0.33320270686239944,0.05,0.026659802514062903,0.03,0.01,0.40977825814994046,10,0.4406294147319185,84340000,-2944.0640360758375,2.646857855461982
7.061994498494688,140.88895848646453,6.317218150094347,59.378620329136986,0.24679442911192945,0.05,0.02769373391105716,0.03,0.01,0.8886897918706708,10,0.2554028097797861,84340000,-3182.734161301967,1.1025413520194756
7.061994498494688,140.88895848646453,6.317218150094347,59.378620329136986,0.24679442911192945,0.05,0.027693733911057162,0.03,0.01,0.8886897918706708,10,0.2554028097797861,84340000,-3182.734161301967,1.1025413520194756
127.13729240410156,61.30389569259144,3.852061305483895,148.66938735562346,0.08406566830002785,0.05,0.19413456123125664,0.03,0.01,0.9802515903776527,10,0.02990803223237913,84340000,-3214.099978579882,3.230770520318228
127.13729240410157,61.30389569259144,3.8520613054838955,148.66938735562346,0.08406566830002785,0.05,0.19413456123125666,0.03,0.01,0.9802515903776529,10,0.029908032232379134,84340000,-3214.0999785798826,3.230770520318228
47.79690468880649,159.22196875579814,1.618013848338368,101.9304859034595,0.20576887786420184,0.05,0.22645482952023524,0.03,0.01,0.978484221563859,10,0.03488131368526358,84340000,-3264.821270298609,0.8818215927739699
47.79690468880649,159.22196875579814,1.618013848338368,101.9304859034595,0.20576887786420184,0.05,0.22645482952023524,0.03,0.01,0.978484221563859,10,0.034881313685263586,84340000,-3264.821270298609,0.8818215927739699
1.9906628889922209,40.82119606601495,1.4247543195936487,52.75284533702881,0.23690317973733352,0.05,0.009753096823537016,0.03,0.01,0.6239074109045146,10,0.9091635091517244,84340000,-4088.3827556056444,9.148023855100556
1.9906628889922209,40.82119606601495,1.4247543195936487,52.75284533702881,0.23690317973733352,0.05,0.00975309682353701,0.03,0.01,0.6239074109045146,10,0.9091635091517244,84340000,-4088.382755605645,9.148023855100556
171.2375779114311,165.86783000352625,5.890543962647598,125.1528402071286,0.08455140249359851,0.05,0.1794913646675445,0.03,0.01,0.9762658943465496,10,0.0221932082947278,84340000,-4202.55357417625,6.184968348078418
171.2375779114311,165.86783000352625,5.890543962647598,125.1528402071286,0.08455140249359851,0.05,0.1794913646675445,0.03,0.01,0.9762658943465495,10,0.022193208294727804,84340000,-4202.55357417625,6.184968348078418
2.8881584249190535,125.20918524880942,4.935156643750052,60.086659344742046,0.18578380306097567,0.05,0.05526595031760645,0.03,0.01,0.9971019907011888,10,0.6546681547998378,84340000,-4838.73938827303,223.40671443650172
2.8881584249190535,125.20918524880942,4.935156643750052,60.086659344742046,0.18578380306097567,0.05,0.05526595031760645,0.03,0.01,0.9971019907011889,10,0.6546681547998378,84340000,-4838.73938827303,223.40671443650172
248.506950384784,115.45560027151969,7.537700713272707,52.351291944058495,0.12170395535432804,0.05,0.17357341874473545,0.03,0.01,0.9878140989028974,10,0.01023688276524236,84340000,-16017.38672586855,126.6565136268944
248.50695038478398,115.45560027151967,7.537700713272707,52.351291944058495,0.12170395535432804,0.05,0.17357341874473545,0.03,0.01,0.9878140989028974,10,0.01023688276524236,84340000,-16017.38672586855,126.65651362689441
